text,label
Ü still attending da talks?,ham
"Aight yo, dats straight dogg",ham
I dont know exactly could you ask chechi.,ham
That's one of the issues but california is okay. No snow so its manageable,ham
"When you just put in the + sign, choose my number and the pin will show. Right?",ham
Oooh I got plenty of those!,ham
No that just means you have a fat head,ham
K.k..how is your sister kids?,ham
Just hopeing that wasn‘t too pissed up to remember and has gone off to his sisters or something!,ham
Is that seriously how you spell his name?,ham
Doing project w frens lor.,ham
If we win its really no 1 side for long time.,ham
Okie...,ham
We have all rounder:)so not required:),ham
If i start sending blackberry torch to nigeria will you find buyer for me?like 4a month. And tell dad not to buy bb from anyone oh.,ham
"Sorry I flaked last night, shit's seriously goin down with my roommate, what you up to tonight?",ham
Nite nite pocay wocay luv u more than n e thing 4eva I promise ring u 2morrowxxxx,ham
"Good afternoon, my love. How goes your day ? What are you up to ? I woke early and am online waiting for you ... Hmmm ... Italian boy is online I see . *grins*",ham
Double Mins & Double Txt & 1/2 price Linerental on Latest Orange Bluetooth mobiles. Call MobileUpd8 for the very latest offers. 08000839402 or call2optout/LF56,spam
Well she's in for a big surprise!,ham
HI DARLIN I HOPE YOU HAD A NICE NIGHT I WISH I HAD COME CANT WAIT TO SEE YOU LOVE FRAN PS I WANT DIRTY ANAL SEX AND I WANT A 10 MAN GANG BANG,ham
Please CALL 08712402779 immediately as there is an urgent message waiting for you,spam
I dont thnk its a wrong calling between us,ham
"Huh... Hyde park not in mel ah, opps, got confused... Anyway, if tt's e best choice den we juz have to take it...",ham
They don't put that stuff on the roads to keep it from getting slippery over there?,ham
O shore are you takin the bus,ham
Still i have not checked it da. . .,ham
Bought one ringtone and now getting texts costing 3 pound offering more tones etc,spam
Great. Never been better. Each day gives even more reasons to thank God,ham
I see a cup of coffee animation,ham
HI DARLIN IVE JUST GOT BACK AND I HAD A REALLY NICE NIGHT AND THANKS SO MUCH FOR THE LIFT SEE U TOMORROW XXX,ham
Bishan lar nearer... No need buy so early cos if buy now i gotta park my car...,ham
Ummmmmaah Many many happy returns of d day my dear sweet heart.. HAPPY BIRTHDAY dear,ham
Not to worry. I'm sure you'll get it.,ham
Why did I wake up on my own &gt;:(,ham
Yeah that'd pretty much be the best case scenario,ham
I'm going out to buy mum's present ar.,ham
Yes. I come to nyc for audiitions and am trying to relocate.,ham
I want to lick your pussy now...,ham
That means get the door,ham
"Got hella gas money, want to go on a grand nature adventure with galileo in a little bit?",ham
Slept? I thinkThis time ( &lt;#&gt;  pm) is not dangerous,ham
"I'm an actor. When i work, i work in the evening and sleep late. Since i'm unemployed at the moment, i ALWAYS sleep late. When you're unemployed, every day is saturday.",ham
I'm turning off my phone. My moms telling everyone I have cancer. And my sister won't stop calling. It hurts to talk. Can't put up with it. See u when u get home. Love u,ham
V skint too but fancied few bevies.waz gona go meet &othrs in spoon but jst bin watchng planet earth&sofa is v comfey; If i dont make it hav gd night,ham
Bored housewives! Chat n date now! 0871750.77.11! BT-national rate 10p/min only from landlines!,spam
ELLO BABE U OK?,ham
Yunny... I'm goin to be late,ham
Good sleep is about rhythm. The person has to establish a rhythm that the body will learn and use. If you want to know more :-),ham
"Yeah go on then, bored and depressed sittin waitin for phone to ring... Hope the wind drops though, scary",ham
Can. Dunno wat to get 4 her...,ham
Ok. She'll be ok. I guess,ham
Nite...,ham
here is my new address -apples&pairs&all that malarky,ham
Ranjith cal drpd Deeraj and deepak 5min hold,ham
Get the official ENGLAND poly ringtone or colour flag on yer mobile for tonights game! Text TONE or FLAG to 84199. Optout txt ENG STOP Box39822 W111WX £1.50,spam
Dude sux for snake. He got old and raiden got buff,ham
"Sorry, I'll call later",ham
"What will we do in the shower, baby?",ham
I‘m parked next to a MINI!!!! When are you coming in today do you think?,ham
Are you free now?can i call now?,ham
Sounds great! Are you home now?,ham
Hi I'm sue. I am 20 years old and work as a lapdancer. I love sex. Text me live - I'm i my bedroom now. text SUE to 89555. By TextOperator G2 1DA 150ppmsg 18+,spam
I am 6 ft. We will be a good combination!,ham
Dont think you need yellow card for uk travel. Ask someone that has gone before. If you do its just  &lt;#&gt; bucks,ham
No you'll just get a headache trying to figure it out. U can trust me to do the math. I promise. O:-),ham
Back 2 work 2morro half term over! Can U C me 2nite 4 some sexy passion B4 I have 2 go back? Chat NOW 09099726481 Luv DENA Calls £1/minMobsmoreLKPOBOX177HP51FL,spam
Not thought bout it... || Drink in tap & spile at seven. || Is that pub on gas st off broad st by canal. || Ok?,ham
Haha mayb u're rite... U know me well. Da feeling of being liked by someone is gd lor. U faster go find one then all gals in our group attached liao.,ham
Hey i will be late... i'm at amk. Need to drink tea or coffee,ham
Babe: U want me dont u baby! Im nasty and have a thing 4 filthyguys. Fancy a rude time with a sexy bitch. How about we go slo n hard! Txt XXX SLO(4msgs),spam
Hey sexy buns! What of that day? No word from you this morning on YM ... :-( ... I think of you,ham
Hello! How's you and how did saturday go? I was just texting to see if you'd decided to do anything tomo. Not that i'm trying to invite myself or anything!,ham
Missed call alert. These numbers called but left no message. 07008009200,spam
Then anything special?,ham
"For ur chance to win a £250 cash every wk TXT: ACTION to 80608. T's&C's www.movietrivia.tv custcare 08712405022, 1x150p/wk",spam
Get ready to put on your excellent sub face :),ham
"Got what it takes 2 take part in the WRC Rally in Oz? U can with Lucozade Energy! Text RALLY LE to 61200 (25p), see packs or lucozade.co.uk/wrc & itcould be u!",spam
Don't b floppy... b snappy & happy! Only gay chat service with photo upload call 08718730666 (10p/min). 2 stop our texts call 08712460324,spam
I cant pick the phone right now. Pls send a message,ham
Sunshine Quiz Wkly Q! Win a top Sony DVD player if u know which country Liverpool played in mid week? Txt ansr to 82277. £1.50 SP:Tyrone,spam
Yar... I tot u knew dis would happen long ago already.,ham
I dunno until when... Lets go learn pilates...,ham
Captain is in our room:),ham
Imagine Life WITHOUT ME... see.. How fast u are searching me?Don't worry.. l'm always there To disturb U.. Goodnoon..:),ham
IM FINE BABES AINT BEEN UP 2 MUCH THO! SAW SCARY MOVIE YEST ITS QUITE FUNNY! WANT 2MRW AFTERNOON? AT TOWN OR MALL OR SUMTHIN?xx,ham
Ok then i will come to ur home after half an hour,ham
Do u knw dis no. &lt;#&gt; ?,ham
Tomorrow i am not going to theatre. . . So i can come wherever u call me. . . Tell me where and when to come tomorrow,ham
How many licks does it take to get to the center of a tootsie pop?,ham
"I can. But it will tell quite long, cos i haven't finish my film yet...",ham
Xy trying smth now. U eat already? We havent...,ham
"URGENT! Your mobile No 077xxx WON a £2,000 Bonus Caller Prize on 02/06/03! This is the 2nd attempt to reach YOU! Call 09066362206 ASAP! BOX97N7QP, 150ppm",spam
Am in film ill call you later.,ham
Oic cos me n my sis got no lunch today my dad went out... So dunno whether 2 eat in sch or wat...,ham
Sounds great! Im going to sleep now. Have a good night!,ham
What Today-sunday..sunday is holiday..so no work..,ham
I think asking for a gym is the excuse for lazy people. I jog.,ham
Lmao. Take a pic and send it to me.,ham
* Will have two more cartons off u and is very pleased with shelves,ham
Now only i reached home. . . I am very tired now. . I will come tomorro,ham
That's a shame! Maybe cld meet for few hrs tomo?,ham
Looks like u wil b getting a headstart im leaving here bout 2.30ish but if u r desperate for my company I could head in earlier-we were goin to meet in rummer.,ham
"There're some people by mu, I'm at the table by lambda",ham
Convey my regards to him,ham
No da:)he is stupid da..always sending like this:)don believe any of those message.pandy is a mental:),ham
Lol. Well quality aint bad at all so i aint complaining,ham
Dis is yijue. I jus saw ur mail. In case huiming havent sent u my num. Dis is my num.,ham
"I met you as a stranger and choose you as my friend. As long as the world stands, our friendship never ends. Lets be Friends forever!!! Gud nitz...",ham
"Although i told u dat i'm into baig face watches now but i really like e watch u gave cos it's fr u. Thanx 4 everything dat u've done today, i'm touched...",ham
Badrith is only for chennai:)i will surely pick for us:)no competition for him.,ham
"Fighting with the world is easy, u either win or lose bt fightng with some1 who is close to u is dificult if u lose - u lose if u win - u still lose.",ham
Todays Vodafone numbers ending with 4882 are selected to a receive a £350 award. If your number matches call 09064019014 to receive your £350 award.,spam
PISS IS TALKING IS SOMEONE THAT REALISE U THAT POINT THIS AT IS IT.(NOW READ IT BACKWARDS),ham
What u mean u almost done? Done wif sleeping? But i tot u going to take a nap.. Yup i send her liao so i'm picking her up at ard 4 smth lor..,ham
"England v Macedonia - dont miss the goals/team news. Txt ur national team to 87077 eg ENGLAND to 87077 Try:WALES, SCOTLAND 4txt/ú1.20 POBOXox36504W45WQ 16+",spam
Win a £1000 cash prize or a prize worth £5000,spam
My sis is catching e show in e afternoon so i'm not watching w her. So c u wan 2 watch today or tmr lor.,ham
Ü comin to fetch us oredi...,ham
Want to finally have lunch today?,ham
Yeah imma come over cause jay wants to do some drugs,ham
What is important is that you prevent dehydration by giving her enough fluids,ham
No de. But call me after some time. Ill tell you k,ham
"""HEY DAS COOL... IKNOW ALL 2 WELLDA PERIL OF STUDENTFINANCIAL CRISIS!SPK 2 U L8R.""",ham
"Hi, can i please get a  &lt;#&gt;  dollar loan from you. I.ll pay you back by mid february. Pls.",ham
Have a safe trip to Nigeria. Wish you happiness and very soon company to share moments with,ham
"Hello, hello, hi lou sorry it took so long 2 reply- I left mobile at friends in Lancaster, just got it bak Neway im sorry I couldnt make ur bday 2 hun!",ham
Change again... It's e one next to escalator...,ham
"Thk shld b can... Ya, i wana go 4 lessons... Haha, can go for one whole stretch...",ham
You have an important customer service announcement from PREMIER. Call FREEPHONE 0800 542 0578 now!,spam
Oh ho. Is this the first time u use these type of words,ham
I will send them to your email. Do you mind  &lt;#&gt;  times per night?,ham
Hope you are having a great day.,ham
I'm going 2 orchard now laready me reaching soon. U reaching?,ham
I think u have the wrong number.,ham
If you have belive me. Come to my home.,ham
I had a good time too. Its nice to do something a bit different with my weekends for a change. See ya soon,ham
"Hiya, sorry didn't hav signal. I haven't seen or heard from and neither has, which is unusual in itself! I'll put on the case and get him to sort it out! Hugs and snogs.",ham
Yeah just open chat and click friend lists. Then make the list. Easy as pie,ham
Do you mind if I ask what happened? You dont have to say if it is uncomfortable.,ham
"""Im at arestaurant eating squid! i will be out about 10:30 wanna dosomething or is that to late?""",ham
<Forwarded from 21870000>Hi - this is your Mailbox Messaging SMS alert. You have 4 messages. You have 21 matches. Please call back on 09056242159 to retrieve your messages and matches,spam
Ok but knackered. Just came home and went to sleep! Not good at this full time work lark.,ham
Er mw im filled tuth is aight,ham
U still painting ur wall?,ham
Just woke up. Yeesh its late. But I didn't fall asleep til &lt;#&gt; am :/,ham
"Not sure yet, still trying to get a hold of him",ham
Sounds like something that someone testing me would sayy,ham
Lol now I'm after that hot air balloon!,ham
Wah lucky man... Then can save money... Hee...,ham
For my family happiness..,ham
"I can't, I don't have her number!",ham
No plans yet. What are you doing ?,ham
"Velly good, yes please!",ham
"""HELLO U.CALL WEN U FINISH WRK.I FANCY MEETIN UP WIV U ALL TONITE AS I NEED A BREAK FROM DABOOKS. DID 4 HRS LAST NITE+2 TODAY OF WRK!""",ham
Dont forget you can place as many FREE Requests with 1stchoice.co.uk as you wish. For more Information call 08707808226.,spam
Even u dont get in trouble while convincing..just tel him once or twice and just tel neglect his msgs dont c and read it..just dont reply,ham
I have had two more letters from . I will copy them for you cos one has a message for you. Speak soon,ham
"Cool, I'll text you in a few",ham
"TODAY is Sorry day.! If ever i was angry with you, if ever i misbehaved or hurt you? plz plz JUST SLAP URSELF Bcoz, Its ur fault, I'm basically GOOD",ham
Really dun bluff me leh... U sleep early too. Nite...,ham
The wine is flowing and i'm i have nevering..,ham
"Storming msg: Wen u lift d phne, u say ""HELLO"" Do u knw wt is d real meaning of HELLO?? . . . It's d name of a girl..! . . . Yes.. And u knw who is dat girl?? ""Margaret Hello"" She is d girlfrnd f Grahmbell who invnted telphone... . . . . Moral:One can 4get d name of a person, bt not his girlfrnd... G o o d n i g h t . . .@",ham
"Sppok up ur mob with a Halloween collection of nokia logo&pic message plus a FREE eerie tone, txt CARD SPOOK to 8007",spam
"Update_Now - Xmas Offer! Latest Motorola, SonyEricsson & Nokia & FREE Bluetooth! Double Mins & 1000 Txt on Orange. Call MobileUpd8 on 08000839402 or call2optout/F4Q=",spam
Oops my phone died and I didn't even know. Yeah I like it better.,ham
I bought the test yesterday. Its something that lets you know the exact day u ovulate.when will get 2u in about 2 to 3wks. But pls pls dont fret. I know u r worried. Pls relax. Also is there anything in ur past history u need to tell me?,ham
I cant pick the phone right now. Pls send a message,ham
Ya i knw u vl giv..its ok thanks kano..anyway enjoy wit ur family wit 1st salary..:-);-),ham
How's it going? Got any exciting karaoke type activities planned? I'm debating whether to play football this eve. Feeling lazy though.,ham
Ur TONEXS subscription has been renewed and you have been charged £4.50. You can choose 10 more polys this month. www.clubzed.co.uk *BILLING MSG*,spam
Oh yes I can speak txt 2 u no! Hmm. Did u get  email?,ham
Dear good morning how you feeling dear,ham
Hey... What time is your driving on fri? We go for evaluation on fri?,ham
Dear 0776xxxxxxx U've been invited to XCHAT. This is our final attempt to contact u! Txt CHAT to 86688 150p/MsgrcvdHG/Suite342/2Lands/Row/W1J6HL LDN 18yrs,spam
"Sorry, I'll call later",ham
That's significant but dont worry.,ham
Ha ha ha good joke. Girls are situation seekers.,ham
Did you try making another butt.,ham
I might go 2 sch. Yar at e salon now v boring.,ham
(That said can you text him one more time?),ham
No problem. Talk to you later,ham
"Sir Goodmorning, Once free call me.",ham
S...i will take mokka players only:),ham
"""Its Ur luck to Love someone. Its Ur fortune to Love the one who Loves U. But, its a miracle to Love a person who can't Love anyone except U..."" Gud nyt...",ham
"Ya, i'm referin to mei's ex wat... No ah, waitin 4 u to treat, somebody shld b rich liao...So gd, den u dun have to work frm tmr onwards...",ham
"Wn u r hurt by d prsn who s close 2 u, do fight wit dem. Coz somtimes dis fight saves a relation bt being quiet leaves nothin in a relation.. Gud eveB-)",ham
"Babe, have you got enough money to pick up bread and milk ? And I'll give you it back when you get home ?",ham
In meeting da. I will call you,ham
If he started searching he will get job in few days.he have great potential and talent.,ham
"Sorry, I'll call later",ham
"K I'll head out in a few mins, see you there",ham
Sorry i've not gone to that place. I.ll do so tomorrow. Really sorry.,ham
MAYBE IF YOU WOKE UP BEFORE FUCKING 3 THIS WOULDN'T BE A PROBLEM.,ham
Networking job is there.,ham
It certainly puts things into perspective when something like this happens,ham
Dear reached railway. What happen to you,ham
"0A$NETWORKS allow companies to bill for SMS, so they are responsible for their ""suppliers"", just as a shop has to give a guarantee on what they sell. B. G.",spam
So now my dad is gonna call after he gets out of work and ask all these crazy questions.,ham
I will lick up every drop :) are you ready to use your mouth as well?,ham
Hmmm.but you should give it on one day..,ham
No da if you run that it activate the full version da.,ham
"Until 545 lor... Ya, can go 4 dinner together...",ham
Alright i have a new goal now,ham
Eek that's a lot of time especially since American Pie is like 8 minutes long. I can't stop singing it.,ham
Daddy will take good care of you :),ham
"Arms fine, how's Cardiff and uni?",ham
Bring tat cd don forget,ham
Just got outta class gonna go gym.,ham
I remain unconvinced that this isn't an elaborate test of my willpower,ham
If I die I want u to have all my stuffs.,ham
Thanks honey. Have a great day.,ham
"Beautiful Truth against Gravity.. Read carefully: ""Our heart feels light when someone is in it.. But it feels very heavy when someone leaves it.."" GOODMORNING",ham
HMV BONUS SPECIAL 500 pounds of genuine HMV vouchers to be won. Just answer 4 easy questions. Play Now! Send HMV to 86688 More info:www.100percent-real.com,spam
G wants to know where the fuck you are,ham
gonna let me know cos comes bak from holiday that day.  is coming. Don't4get2text me  number.,ham
"Sorry, I'll call later",ham
Dai i downloaded but there is only exe file which i can only run that exe after installing.,ham
K...k:)why cant you come here and search job:),ham
"""Hey sorry I didntgive ya a a bellearlier hunny,just been in bedbut mite go 2 thepub l8tr if uwana mt up?loads a luv Jenxxx.""",ham
5p 4 alfie Moon's Children in need song on ur mob. Tell ur m8s. Txt Tone charity to 8007 for Nokias or Poly charity for polys: zed 08701417012 profit 2 charity.,spam
"Yeah, probably but not sure. Ilol let u know, but personally I wuldnt bother, then again if ur goin to then I mite as well!!",ham
We can go 4 e normal pilates after our intro...,ham
&lt;#&gt;  am I think? Should say on syllabus,ham
I can't make it tonight,ham
They r giving a second chance to rahul dengra.,ham
"No I'm good for the movie, is it ok if I leave in an hourish?",ham
I donno its in your genes or something,ham
K..k...from tomorrow onwards started ah?,ham
No problem. How are you doing?,ham
Let's pool our money together and buy a bunch of lotto tickets. If we win I get &lt;#&gt; % u get &lt;#&gt; %. Deal?,ham
"Hmm... Dunno leh, mayb a bag 4 goigng out dat is not too small. Or jus anything except perfume, smth dat i can keep.",ham
"HEY THERE BABE, HOW U DOIN? WOT U UP 2 2NITE LOVE ANNIE X.",ham
Whens your radio show?,ham
Howz pain?hope u r fine..,ham
Can you plz tell me the ans. BSLVYL sent via fullonsms.com,ham
Teach me apps da. When you come to college.,ham
Sent me de webadres for geting salary slip,ham
Please tell me you have some of that special stock you were talking about,ham
Yar i wanted 2 scold u yest but late already... I where got zhong se qing you? If u ask me b4 he ask me then i'll go out w u all lor. N u still can act so real.,ham
Please dont say like that. Hi hi hi,ham
You are not bothering me but you have to trust my answers. Pls.,ham
"Aight, can you text me the address?",ham
"A bit of Ur smile is my hppnss, a drop of Ur tear is my sorrow, a part of Ur heart is my life, a heart like mine wil care for U, forevr as my GOODFRIEND",ham
Then ü wait 4 me at bus stop aft ur lect lar. If i dun c ü then i go get my car then come back n pick ü.,ham
I lost 4 pounds since my doc visit last week woot woot! Now I'm gonna celebrate by stuffing my face!,ham
"Got ur mail Dileep.thank you so muchand look forward to lots of support...very less contacts here,remember one venugopal you mentioned.tomorrow if not late,i shall try to come up till there.goodnight dear.",ham
Where is that one day training:-),ham
Lol u still feeling sick?,ham
U’ve Bin Awarded £50 to Play 4 Instant Cash. Call 08715203028 To Claim. EVERY 9th Player Wins Min £50-£500. OptOut 08718727870,spam
1. Tension face 2. Smiling face 3. Waste face 4. Innocent face 5.Terror face 6.Cruel face 7.Romantic face 8.Lovable face 9.decent face  &lt;#&gt; .joker face.,ham
Guessin you ain't gonna be here before 9?,ham
Dont pick up d call when something important is There to tell. Hrishi,ham
"You are a £1000 winner or Guaranteed Caller Prize, this is our Final attempt to contact you! To Claim Call 09071517866 Now! 150ppmPOBox10183BhamB64XE",spam
We tried to contact you re our offer of New Video Phone 750 anytime any network mins HALF PRICE Rental camcorder call 08000930705 or reply for delivery Wed,spam
staff.science.nus.edu.sg/~phyhcmk/teaching/pc1323,ham
Yup ok...,ham
Yes! I am a one woman man! Please tell me your likes and dislikes in bed...,ham
Am not interested to do like that.,ham
"K, jason says he's gonna be around so I'll be up there around  &lt;#&gt;",ham
Much better now thanks lol,ham
Heehee that was so funny tho,ham
would u fuckin believe it they didnt know i had thurs pre booked off so they re cancelled me AGAIN! that needs to b sacked,ham
LORD OF THE RINGS:RETURN OF THE KING in store NOW!REPLY LOTR by 2 June 4 Chance 2 WIN LOTR soundtrack CDs StdTxtRate. Reply STOP to end txts,spam
Guess what! Somebody you know secretly fancies you! Wanna find out who it is? Give us a call on 09065394514 From Landline DATEBox1282EssexCM61XN 150p/min 18,spam
Can you call me plz. Your number shows out of coveragd area. I have urgnt call in vasai &amp; have to reach before 4'o clock so call me plz,ham
"Cool, I'll text you when I'm on the way",ham
She left it very vague. She just said she would inform the person in accounting about the delayed rent and that i should discuss with the housing agency about my renting another place. But checking online now and all places around usc are  &lt;#&gt;  and up,ham
"REMINDER FROM O2: To get 2.50 pounds free call credit and details of great offers pls reply 2 this text with your valid name, house no and postcode",spam
"Got fujitsu, ibm, hp, toshiba... Got a lot of model how to say...",ham
Hi Dear Call me its urgnt. I don't know whats your problem. You don't want to work or if you have any other problem at least tell me. Wating for your reply.,ham
Double eviction this week - Spiral and Michael and good riddance to them!,ham
I probably won't eat at all today. I think I'm gonna pop. How was your weekend? Did u miss me?,ham
Ü go home liao? Ask dad to pick me up at 6...,ham
"Thanks for your ringtone order, reference number X49. Your mobile will be charged 4.50. Should your tone not arrive please call customer services 09065989182. From: [colour=red]text[/colour]TXTstar",spam
K I'll call you when I'm close,ham
"Superb Thought- ""Be grateful that u dont have everything u want. That means u still have an opportunity to be happier tomorrow than u are today."":-)",ham
URGENT! Your Mobile number has been awarded with a £2000 prize GUARANTEED. Call 09061790121 from land line. Claim 3030. Valid 12hrs only 150ppm,spam
I place all ur points on e cultures module already.,ham
Dont talk to him ever ok its my word.,ham
"The world is running and i am still.maybe all are feeling the same,so be it.or i have to admit,i am mad.then where is the correction?or let me call this is life.and keep running with the world,may be u r also running.lets run.",ham
That sucks. I'll go over so u can do my hair. You'll do it free right?,ham
Sorry da:)i was thought of calling you lot of times:)lil busy.i will call you at noon..,ham
Do you work all this week ?,ham
Congratulations YOU'VE Won. You're a Winner in our August £1000 Prize Draw. Call 09066660100 NOW. Prize Code 2309.,spam
So do you have samus shoulders yet,ham
"You know, wot people wear. T shirts, jumpers, hat, belt, is all we know. We r at Cribbs",ham
"""EY! CALM DOWNON THEACUSATIONS.. ITXT U COS IWANA KNOW WOTU R DOIN AT THEW/END... HAVENTCN U IN AGES..RING ME IF UR UP4 NETHING SAT.LOVE J XXX.""",ham
"Mila, age23, blonde, new in UK. I look sex with UK guys. if u like fun with me. Text MTALK to 69866.18 . 30pp/txt 1st 5free. £1.50 increments. Help08718728876",spam
Oh ya ya. I remember da. .,ham
"Hiya , have u been paying money into my account? If so, thanks. Got a pleasant surprise when i checked my balance -u c, i don't get statements 4 that acc",ham
I don know account details..i will ask my mom and send you.my mom is out of reach now.,ham
"Haha figures, well I found the piece and priscilla's bowl",ham
Dear U've been invited to XCHAT. This is our final attempt to contact u! Txt CHAT to 86688,spam
"tddnewsletter@emc1.co.uk (More games from TheDailyDraw) Dear Helen, Dozens of Free Games - with great prizesWith..",spam
"Sorry chikku, my cell got some problem thts y i was nt able to reply u or msg u..",ham
"Science tells that chocolate will melt under the sunlight. Please don't walk under the sunlight. BCoz,I don't want to loss a sweet friend.",ham
Also are you bringing galileo or dobby,ham
No probs hon! How u doinat the mo?,ham
I've reached sch already...,ham
Congrats. That's great. I wanted to tell you not to tell me your score cos it might make me relax. But its motivating me so thanks for sharing,ham
Dunno dat's wat he told me. Ok lor...,ham
Yun buying... But school got offer 2000 plus only...,ham
Finish liao... U?,ham
Nothing lor... A bit bored too... Then y dun u go home early 2 sleep today...,ham
At home also.,ham
You will be in the place of that man,ham
Ok i will tell her to stay out. Yeah its been tough but we are optimistic things will improve this month.,ham
Be happy there. I will come after noon,ham
Y?WHERE U AT DOGBREATH? ITS JUST SOUNDING LIKE JAN C THATS AL!!!!!!!!!,ham
We tried to contact you re your reply to our offer of a Video Phone 750 anytime any network mins Half Price Line Rental Camcorder Reply or call 08000930705,spam
Ok...,ham
Customer Loyalty Offer:The NEW Nokia6650 Mobile from ONLY £10 at TXTAUCTION! Txt word: START to No: 81151 & get yours Now! 4T&Ctxt TC 150p/MTmsg,spam
I.ll hand her my phone to chat wit u,ham
Hi kindly give us back our documents which we submitted for loan from STAPATI,ham
Hey mate. Spoke to the mag people. We‘re on.  the is deliver by the end of the month. Deliver on the 24th sept. Talk later.,ham
Can you say what happen,ham
I hope you arnt pissed off but id would really like to see you tomorrow. Love me xxxxxxxxxxxxxX,ham
How was txting and driving,ham
I have a rather prominent bite mark on my right cheek,ham
She ran off with a younger man. we will make pretty babies together :),ham
"Lol, oh you got a friend for the dog ?",ham
Wanna do some art?! :D,ham
Yeah I can still give you a ride,ham
"""Speak only when you feel your words are better than the silence..."" Gud mrng:-)",ham
Lemme know when you're here,ham
Not course. Only maths one day one chapter with in one month we can finish.,ham
Hurry home u big butt. Hang up on your last caller if u have to. Food is done and I'm starving. Don't ask what I cooked.,ham
"Its ok., i just askd did u knw tht no?",ham
Is there coming friday is leave for pongal?do you get any news from your work place.,ham
Any way where are you and what doing.,ham
Still work going on:)it is very small house.,ham
"I'm eatin now lor, but goin back to work soon... E mountain deer show huh... I watch b4 liao, very nice...",ham
Now? I'm going out 4 dinner soon..,ham
Yes :)it completely in out of form:)clark also utter waste.,ham
Fine am simply sitting.,ham
Check wid corect speling i.e. Sarcasm,ham
RECPT 1/3. You have ordered a Ringtone. Your order is being processed...,spam
"LOOK AT AMY URE A BEAUTIFUL, INTELLIGENT WOMAN AND I LIKE U A LOT. I KNOW U DONT LIKE ME LIKE THAT SO DONT WORRY.",ham
I donno if they are scorable,ham
Did u got that persons story,ham
"500 New Mobiles from 2004, MUST GO! Txt: NOKIA to No: 89545 & collect yours today!From ONLY £1 www.4-tc.biz 2optout 087187262701.50gbp/mtmsg18 TXTAUCTION",spam
Tessy..pls do me a favor. Pls convey my birthday wishes to Nimya..pls dnt forget it. Today is her birthday Shijas,ham
tap & spile at seven. * Is that pub on gas st off broad st by canal. Ok?,ham
"YOU 07801543489 are guaranteed the latests Nokia Phone, a 40GB iPod MP3 player or a £500 prize! Txt word:COLLECT to No:83355! TC-LLC NY-USA 150p/Mt msgrcvd18+",spam
Reckon need to be in town by eightish to walk from * carpark.,ham
"Aldrine, rakhesh ex RTM here.pls call.urgent.",ham
Sorry dude. Dont know how i forgot. Even after Dan reminded me. Sorry. Hope you guys had fun.,ham
No she didnt. I will search online and let you know.,ham
Is ur paper in e morn or aft tmr?,ham
Yes:)sura in sun tv.:)lol.,ham
Ur cash-balance is currently 500 pounds - to maximize ur cash-in now send CASH to 86688 only 150p/msg. CC: 08708800282 HG/Suite342/2Lands Row/W1J6HL,spam
"Last Chance! Claim ur £150 worth of discount vouchers today! Text SHOP to 85023 now! SavaMob, offers mobile! T Cs SavaMob POBOX84, M263UZ. £3.00 Sub. 16",spam
"""Hey! do u fancy meetin me at 4 at cha  hav a lil beverage on me. if not txt or ring me and we can meet up l8r. quite tired got in at 3 v.pist ;) love Pete x x x""",ham
"XXXMobileMovieClub: To use your credit, click the WAP link in the next txt message or click here>> http://wap. xxxmobilemovieclub.com?n=QJKGIGHJJGCBL",spam
"Wishing you and your family Merry ""X"" mas and HAPPY NEW Year in advance..",ham
"Happy new year to u and ur family...may this new year bring happiness , stability and tranquility to ur vibrant colourful life:):)",ham
Do u noe wat time e place dat sells 4d closes?,ham
So li hai... Me bored now da lecturer repeating last weeks stuff waste time...,ham
I havent add ü yet right..,ham
"[…] anyway, many good evenings to u! s",ham
This is hoping you enjoyed your game yesterday. Sorry i've not been in touch but pls know that you are fondly bein thot off. Have a great week. Abiola,ham
K still are you loving me.,ham
"Just got part Nottingham - 3 hrs 63miles. Good thing i love my man so much, but only doing 40mph. Hey ho",ham
Yes:)here tv is always available in work place..,ham
Save money on wedding lingerie at www.bridal.petticoatdreams.co.uk Choose from a superb selection with national delivery. Brought to you by WeddingFriend,spam
No i am not having not any movies in my laptop,ham
Juz now havent woke up so a bit blur blur... Can? Dad went out liao... I cant cum now oso...,ham
Ah you see. You have to be in the lingo. I will let you know wot on earth it is when has finished making it!,ham
Finally the match heading towards draw as your prediction.,ham
Please attend the phone:),ham
Oh... Kay... On sat right?,ham
If you ask her or she say any please message.,ham
Anyway i'm going shopping on my own now. Cos my sis not done yet. Dun disturb u liao.,ham
Busy here. Trying to finish for new year. I am looking forward to finally meeting you...,ham
Dunno lei shd b driving lor cos i go sch 1 hr oni.,ham
Ok lar i double check wif da hair dresser already he said wun cut v short. He said will cut until i look nice.,ham
7 at esplanade.. Do ü mind giving me a lift cos i got no car today..,ham
Hai ana tomarrow am coming on morning.  &lt;DECIMAL&gt;  ill be there in sathy then we ll go to RTO office. Reply me after came to home.,ham
"I thought i'd get him a watch, just cos thats the kind of thing u get4an18th. And he loves so much!",ham
She.s find. I sent you an offline message to know how anjola's now.,ham
Where are you?when wil you reach here?,ham
Hows the champ just leaving glasgow!,ham
Do u konw waht is rael FRIENDSHIP Im gving yuo an exmpel: Jsut ese tihs msg.. Evrey splleing of tihs msg is wrnog.. Bt sitll yuo can raed it wihtuot ayn mitsake.. GOODNIGHT &amp; HAVE A NICE SLEEP..SWEET DREAMS..,ham
Warner Village 83118 C Colin Farrell in SWAT this wkend @Warner Village & get 1 free med. Popcorn!Just show msg+ticket@kiosk.Valid 4-7/12. C t&c @kiosk. Reply SONY 4 mre film offers,spam
"Want to funk up ur fone with a weekly new tone reply TONES2U 2 this text. www.ringtones.co.uk, the original n best. Tones 3GBP network operator rates apply",spam
645,ham
"Jane babes not goin 2 wrk, feel ill after lst nite. Foned in already cover 4 me chuck.:-)",ham
Check audrey's status right now,ham
I WILL CAL YOU SIR. In meeting,ham
Ok...,ham
Gibbs unsold.mike hussey,ham
"For you information, IKEA is spelled with all caps. That is not yelling. when you thought i had left you, you were sitting on the bed among the mess when i came in. i said we were going after you got home from class. please don't try and bullshit me. It makes me want to listen to you less.",ham
I'm going 4 lunch now wif my family then aft dat i go str 2 orchard lor.,ham
"It's wylie, you in tampa or sarasota?",ham
Was actually sleeping and still might when u call back. So a text is gr8. You rock sis. Will send u a text wen i wake.,ham
U free on sat rite? U wan 2 watch infernal affairs wif me n darren n mayb xy?,ham
Ok lor.,ham
Mine here like all fr china then so noisy.,ham
Never y lei... I v lazy... Got wat? Dat day ü send me da url cant work one...,ham
Your weekly Cool-Mob tones are ready to download !This weeks new Tones include: 1) Crazy Frog-AXEL F>>> 2) Akon-Lonely>>> 3) Black Eyed-Dont P >>>More info in n,spam
I have no money 4 steve mate! !,ham
Have you been practising your curtsey?,ham
They released vday shirts and when u put it on it makes your bottom half naked instead of those white underwear.,ham
Yes there were many sweets,ham
Smith waste da.i wanna gayle.,ham
Of course. I guess god's just got me on hold right now.,ham
Do u noe how 2 send files between 2 computers?,ham
"Sorry, got a late start, we're on the way",ham
Nope. I just forgot. Will show next week,ham
Jus finish watching tv... U?,ham
"Urgent! Please call 09066612661 from your landline, your complimentary 4* Lux Costa Del Sol holiday or £1000 CASH await collection. ppm 150 SAE T&Cs James 28, EH74RR",spam
Er yep sure. Props?,ham
"complimentary 4 STAR Ibiza Holiday or £10,000 cash needs your URGENT collection. 09066364349 NOW from Landline not to lose out! Box434SK38WP150PPM18+",spam
ALRITE,ham
How's it feel? Mr. Your not my real Valentine just my yo Valentine even tho u hardly play!!,ham
"My mobile number.pls sms ur mail id.convey regards to achan,amma.Rakhesh.Qatar",ham
You can jot down things you want to remember later.,ham
Mode men or have you left.,ham
"Sorry, I'll call later ok bye",ham
<Forwarded from 88877>FREE entry into our £250 weekly comp just send the word ENTER to 88877 NOW. 18 T&C www.textcomp.com,spam
"URGENT!: Your Mobile No. was awarded a £2,000 Bonus Caller Prize on 02/09/03! This is our 2nd attempt to contact YOU! Call 0871-872-9755 BOX95QU",spam
Den wat will e schedule b lk on sun?,ham
Wherre's my boytoy ? :-(,ham
Yeah it's jus rite...,ham
"Hi. Hope ur day * good! Back from walk, table booked for half eight. Let me know when ur coming over.",ham
I am in office:)whats the matter..msg me now.i will call you at break:).,ham
1 I don't have her number and 2 its gonna be a massive pain in the ass and i'd rather not get involved if that's possible,ham
I'm very happy for you babe ! Woo hoo party on dude!,ham
R u over scratching it?,ham
I dont have i shall buy one dear,ham
"Some friends want me to drive em someplace, probably take a while",ham
Guess which pub im in? Im as happy as a pig in clover or whatever the saying is!,ham
WINNER! As a valued network customer you hvae been selected to receive a £900 reward! To collect call 09061701444. Valid 24 hours only. ACL03530150PM,spam
Same as u... Dun wan... Y u dun like me already ah... Wat u doing now? Still eating?,ham
Take some small dose tablet for fever,ham
Nvm... I'm going to wear my sport shoes anyway... I'm going to be late leh.,ham
"Evry Emotion dsn't hav Words.Evry Wish dsn't hav Prayrs.. If u Smile,D World is wit u.Othrwise even d Drop of Tear dsn't lik 2 Stay wit u.So b happy.. Good morning, keep smiling:-)",ham
"Bored of speed dating? Try SPEEDCHAT, txt SPEEDCHAT to 80155, if you don't like em txt SWAP and get a new chatter! Chat80155 POBox36504W45WQ 150p/msg rcd 16",spam
Geeeee ... I love you so much I can barely stand it,ham
"FR'NDSHIP is like a needle of a clock. Though V r in d same clock, V r nt able 2 met. Evn if V meet,itz only 4few seconds. Bt V alwys stay conected. Gud 9t;-)",ham
Did he just say somebody is named tampa,ham
Ok. No wahala. Just remember that a friend in need ...,ham
"It could work, we'll reach a consensus at the next meeting",ham
"Im cool ta luv but v.tired 2 cause i have been doin loads of planning all wk, we have got our social services inspection at the nursery! Take care & spk sn x.",ham
How are you. Wish you a great semester,ham
Ü no home work to do meh...,ham
Sometimes Heart Remembrs someone Very much... Forgets someone soon... Bcoz Heart will not like everyone. But liked ones will be Remembered Everytime... BSLVYL,ham
Can you do a mag meeting this avo at some point?,ham
Babe !!!! I LOVE YOU !!!! *covers your face in kisses*,ham
Lol no. U can trust me.,ham
Oh great. I.ll disturb him more so that we can talk.,ham
Am on a train back from northampton so i'm afraid not! I'm staying skyving off today ho ho! Will be around wednesday though. Do you fancy the comedy club this week by the way?,ham
Prepare to be pleasured :),ham
A £400 XMAS REWARD IS WAITING FOR YOU! Our computer has randomly picked you from our loyal mobile customers to receive a £400 reward. Just call 09066380611,spam
i want to grasp your pretty booty :),ham
Our Prasanth ettans mother passed away last night. Just pray for her and family.,ham
"Daddy, shu shu is looking 4 u... U wan me 2 tell him u're not in singapore or wat?",ham
"I'm back &amp; we're packing the car now, I'll let you know if there's room",ham
Ah poop. Looks like ill prob have to send in my laptop to get fixed cuz it has a gpu problem,ham
"swhrt how u dey,hope ur ok, tot about u 2day.love n miss.take care.",ham
Married local women looking for discreet action now! 5 real matches instantly to your phone. Text MATCH to 69969 Msg cost 150p 2 stop txt stop BCMSFWC1N3XX,spam
Yesterday its with me only . Now am going home.,ham
I wish that I was with you. Holding you tightly. Making you see how important you are. How much you mean to me ... How much I need you ... In my life ...,ham
Can you talk with me..,ham
Thats cool princess! I will cover your face in hot sticky cum :),ham
And stop being an old man. You get to build snowman snow angels and snowball fights.,ham
I thought slide is enough.,ham
1000's of girls many local 2 u who r virgins 2 this & r ready 2 4fil ur every sexual need. Can u 4fil theirs? text CUTE to 69911(£1.50p. m),spam
Reverse is cheating. That is not mathematics.,ham
Hello my little party animal! I just thought I'd buzz you as you were with your friends ...*grins*... Reminding you were loved and send a naughty adoring kiss,ham
Get me out of this dump heap. My mom decided to come to lowes. BORING.,ham
Me too. Mark is taking forever to pick up my prescription and the pain is coming back.,ham
"FREE2DAY sexy St George's Day pic of Jordan!Txt PIC to 89080 dont miss out, then every wk a saucy celeb!4 more pics c PocketBabe.co.uk 0870241182716 £3/wk",spam
"We have sent JD for Customer Service cum Accounts Executive to ur mail id, For details contact us",ham
"My life Means a lot to me, Not because I love my life, But because I love the people in my life, The world calls them friends, I call them my World:-).. Ge:-)..",ham
So i asked how's anthony. Dad. And your bf,ham
Havent stuck at orchard in my dad's car. Going 4 dinner now. U leh? So r they free tonight?,ham
Knock Knock Txt whose there to 80082 to enter r weekly draw 4 a £250 gift voucher 4 a store of yr choice. T&Cs www.tkls.com age16 to stoptxtstop£1.50/week,spam
Great! So what attracts you to the brothas?,ham
No message..no responce..what happend?,ham
I.ll get there tomorrow and send it to you,ham
If you were/are free i can give. Otherwise nalla adi entey nattil kittum,ham
Small problem in auction:)punj now asking tiwary,ham
On the road so cant txt,ham
Hey are you angry with me. Reply me dr.,ham
Your B4U voucher w/c 27/03 is MARSMS. Log onto www.B4Utele.com for discount credit. To opt out reply stop. Customer care call 08717168528,spam
Dunno he jus say go lido. Same time 930.,ham
Raji..pls do me a favour. Pls convey my Birthday wishes to Nimya. Pls. Today is her birthday.,ham
Nobody can decide where to eat and dad wants Chinese,ham
I'm at home. Please call,ham
I'm not driving... Raining! Then i'll get caught at e mrt station lor.,ham
"Haha yeah, 2 oz is kind of a shitload",ham
Ok im not sure what time i finish tomorrow but i wanna spend the evening with you cos that would be vewy vewy lubly! Love me xxx,ham
"Fyi I'm taking a quick shower, be at epsilon in like  &lt;#&gt;  min",ham
Last chance 2 claim ur £150 worth of discount vouchers-Text YES to 85023 now!SavaMob-member offers mobile T Cs 08717898035. £3.00 Sub. 16 . Remove txt X or STOP,spam
"Remember all those whom i hurt during days of satanic imposter in me.need to pay a price,so be it.may destiny keep me going and as u said pray that i get the mind to get over the same.",ham
"Sir, i am waiting for your call, once free please call me.",ham
"Sorry pa, i dont knw who ru pa?",ham
WHITE FUDGE OREOS ARE IN STORES,ham
So gd got free ice cream... I oso wan...,ham
Mmmmmmm *snuggles into you* ...*deep contented sigh* ... *whispers* ... I fucking love you so much I can barely stand it ...,ham
Did u see what I posted on your Facebook?,ham
Thanks love. But am i doing torch or bold.,ham
When did dad get back.,ham
Going to take your babe out ?,ham
"""SHIT BABE.. THASA BIT MESSED UP.YEH, SHE SHUDVETOLD U. DID URGRAN KNOW?NEWAY, ILLSPEAK 2 U2MORO WEN IM NOT ASLEEP...""",ham
FreeMsg: Txt: CALL to No: 86888 & claim your reward of 3 hours talk time to use from your phone now! Subscribe6GBP/mnth inc 3hrs 16 stop?txtStop,spam
URGENT! We are trying to contact U. Todays draw shows that you have won a £800 prize GUARANTEED. Call 09050003091 from land line. Claim C52. Valid 12hrs only,spam
Been running but only managed 5 minutes and then needed oxygen! Might have to resort to the roller option!,ham
"My sister in law, hope you are having a great month. Just saying hey. Abiola",ham
Hey leave it. not a big deal:-) take care.,ham
"(No promises on when though, haven't even gotten dinner yet)",ham
Hey sathya till now we dint meet not even a single time then how can i saw the situation sathya.,ham
Yup... I havent been there before... You want to go for the yoga? I can call up to book,ham
"The word ""Checkmate"" in chess comes from the Persian phrase ""Shah Maat"" which means; ""the king is dead.."" Goodmorning.. Have a good day..:)",ham
"Rock yr chik. Get 100's of filthy films &XXX pics on yr phone now. rply FILTH to 69669. Saristar Ltd, E14 9YT 08701752560. 450p per 5 days. Stop2 cancel",spam
Do you think i can move  &lt;#&gt;  in a week,ham
"I wake up long ago already... Dunno, what other thing?",ham
It will stop on itself. I however suggest she stays with someone that will be able to give ors for every stool.,ham
S....s...india going to draw the series after many years in south african soil..,ham
U still havent got urself a jacket ah?,ham
Am i that much bad to avoid like this?,ham
Lol or I could just starve and lose a pound by the end of the day.,ham
No 1 POLYPHONIC tone 4 ur mob every week! Just txt PT2 to 87575. 1st Tone FREE ! so get txtin now and tell ur friends. 150p/tone. 16 reply HL 4info,spam
HMM yeah if your not too grooved out! And im looking forward to my pound special :),ham
Also track down any lighters you can find,ham
I wnt to buy a BMW car urgently..its vry urgent.but hv a shortage of  &lt;#&gt; Lacs.there is no source to arng dis amt. &lt;#&gt; lacs..thats my prob,ham
Ok pa. Nothing problem:-),ham
And whenever you and i see we can still hook up too.,ham
Man this bus is so so so slow. I think you're gonna get there before me,ham
"Wishing you and your family Merry ""X"" mas and HAPPY NEW Year in advance..",ham
Dont know supports ass and srt i thnk. I think ps3 can play through usb too,ham
somewhere out there beneath the pale moon light someone think in of u some where out there where dreams come true... goodnite &amp; sweet dreams,ham
is your hamster dead? Hey so tmr i meet you at 1pm orchard mrt?,ham
Okie...,ham
Idk. I'm sitting here in a stop and shop parking lot right now bawling my eyes out because i feel like i'm a failure in everything. Nobody wants me and now i feel like i'm failing you.,ham
No other Valentines huh? The proof is on your fb page. Ugh I'm so glad I really DIDN'T watch your rupaul show you TOOL!,ham
Ok.ok ok..then..whats ur todays plan,ham
Lol great now im getting hungry.,ham
"Nowadays people are notixiquating the laxinorficated opportunity for bambling of entropication.... Have you ever oblisingately opted ur books for the masteriastering amplikater of fidalfication? It is very champlaxigating, i think it is atrocious.. Wotz Ur Opinion???? Junna",ham
Hello. We need some posh birds and chaps to user trial prods for champneys. Can i put you down? I need your address and dob asap. Ta r,spam
Lol grr my mom is taking forever with my prescription. Pharmacy is like 2 minutes away. Ugh.,ham
If you are not coughing then its nothing,ham
"For ur chance to win £250 cash every wk TXT: PLAY to 83370. T's&C's www.music-trivia.net custcare 08715705022, 1x150p/wk.",spam
Nice line said by a broken heart- Plz don't cum 1 more times infront of me... Other wise once again I ll trust U... Good 9t:),ham
IM REALY SOZ IMAT MY MUMS 2NITE WHAT ABOUT 2MORO,ham
ITS A LAPTOP TAKE IT WITH YOU.,ham
I had askd u a question some hours before. Its answer,ham
It didnt work again oh. Ok goodnight then. I.ll fix and have it ready by the time you wake up. You are very dearly missed have a good night sleep.,ham
In that case I guess I'll see you at campus lodge,ham
Really? I crashed out cuddled on my sofa.,ham
"Sorry im getting up now, feel really bad- totally rejected that kinda me thing.",ham
Sir send to group mail check it.,ham
Our Prashanthettan's mother passed away last night. pray for her and family.,ham
"Urgent UR awarded a complimentary trip to EuroDisinc Trav, Aco&Entry41 Or £1000. To claim txt DIS to 87121 18+6*£1.50(moreFrmMob. ShrAcomOrSglSuplt)10, LS1 3AJ",spam
I come n pick ü up... Come out immediately aft ur lesson...,ham
I didn't get the second half of that message,ham
"Yeah, that's fine! It's £6 to get in, is that ok?",ham
Lol yeah at this point I guess not,ham
"Watching cartoon, listening music &amp; at eve had to go temple &amp; church.. What about u?",ham
Ok lar... Joking wif u oni...,ham
"Hey chief, can you give me a bell when you get this. Need to talk to you about this royal visit on the 1st june.",ham
I cant pick the phone right now. Pls send a message,ham
Hope you are having a great new semester. Do wish you the very best. You are made for greatness.,ham
At WHAT TIME should i come tomorrow,ham
"Send ur birthdate with month and year, I will tel u ur LIFE PARTNER'S name. and the method of calculation. Reply must.",ham
ASKED 3MOBILE IF 0870 CHATLINES INCLU IN FREE MINS. INDIA CUST SERVs SED YES. L8ER GOT MEGA BILL. 3 DONT GIV A SHIT. BAILIFF DUE IN DAYS. I O £250 3 WANT £800,spam
Reply with your name and address and YOU WILL RECEIVE BY POST a weeks completely free accommodation at various global locations www.phb1.com ph:08700435505150p,spam
Can you please send me my aunty's number,ham
I know you mood off today,ham
Will be out of class in a few hours. Sorry,ham
Wat uniform? In where get?,ham
Huh so late... Fr dinner?,ham
"Had the money issue weigh me down but thanks to you, I can breathe easier now. I.ll make sure you dont regret it. Thanks.",ham
"Congrats 2 mobile 3G Videophones R yours. call 09063458130 now! videochat wid ur mates, play java games, Dload polypH music, noline rentl. bx420. ip4. 5we. 150p",spam
I got a call from a landline number. . . I am asked to come to anna nagar . . . I will go in the afternoon,ham
U studying in sch or going home? Anyway i'll b going 2 sch later.,ham
K then 2marrow are you coming to class.,ham
Also remember the beads don't come off. Ever.,ham
Ok i've sent u da latest version of da project.,ham
"Sorry, I'll call later",ham
Da is good good player.why he is unsold.,ham
74355 XMAS iscoming & ur awarded either £500 CD gift vouchers & free entry 2 r £100 weekly draw txt MUSIC to 87066 TnC,spam
"""Wen u miss someone, the person is definitely special for u..... But if the person is so special, why to miss them, just Keep-in-touch"" gdeve..",ham
8007 FREE for 1st week! No1 Nokia tone 4 ur mob every week just txt NOKIA to 8007 Get txting and tell ur mates www.getzed.co.uk POBox 36504 W4 5WQ norm 150p/tone 16+,spam
Yo theres no class tmrw right?,ham
"Sorry, I can't text &amp; drive coherently, see you in twenty",ham
Uncle Abbey! Happy New Year. Abiola,ham
Thnx dude. u guys out 2nite?,ham
Asking do u knw them or nt? May be ur frnds or classmates?,ham
Hey gorgeous man. My work mobile number is. Have a good one babe. Squishy Mwahs.,ham
Like a personal sized or what,ham
PRIVATE! Your 2003 Account Statement for 07973788240 shows 800 un-redeemed S. I. M. points. Call 08715203649 Identifier Code: 40533 Expires 31/10/04,spam
Never blame a day in ur life. Good days give u happiness. Bad days give u experience. Both are essential in life! All are Gods blessings! good morning.:,ham
Thanks for the Vote. Now sing along with the stars with Karaoke on your mobile. For a FREE link just reply with SING now.,spam
"This weeks SavaMob member offers are now accessible. Just call 08709501522 for details! SavaMob, POBOX 139, LA3 2WU. Only £1.50/week. SavaMob - offers mobile!",spam
"Honeybee Said: *I'm d Sweetest in d World* God Laughed &amp; Said: *Wait,U Havnt Met d Person Reading This Msg* MORAL: Even GOD Can Crack Jokes! GM+GN+GE+GN:)",ham
"""What are youdoing later? Sar xxx""",ham
K k :-):-) then watch some films.,ham
Camera - You are awarded a SiPix Digital Camera! call 09061221066 fromm landline. Delivery within 28 days.,spam
Are you staying in town ?,ham
Also fuck you and your family for going to rhode island or wherever the fuck and leaving me all alone the week I have a new bong &gt;:(,ham
There are no other charges after transfer charges and you can withdraw anyhow you like,ham
"We are hoping to get away by 7, from Langport. You still up for town tonight?",ham
"Win the newest “Harry Potter and the Order of the Phoenix (Book 5) reply HARRY, answer 5 questions - chance to be the first among readers!",spam
What's ur pin?,ham
I love to give massages. I use lots of baby oil... What is your fave position?,ham
K sure am in my relatives home. Sms me de. Pls:-),ham
He also knows about lunch menu only da. . I know,ham
Sitting ard nothing to do lor. U leh busy w work?,ham
I like cheap! But i‘m happy to splash out on the wine if it makes you feel better..,ham
Hello darlin ive finished college now so txt me when u finish if u can love Kate xxx,ham
"No, but you told me you were going, before you got drunk!",ham
G.W.R,ham
"Good afternoon, my love! How goes that day ? I hope maybe you got some leads on a job. I think of you, boytoy and send you a passionate kiss from across the sea",ham
Me too! Have a lovely night xxx,ham
Dude got a haircut. Now its breezy up there,ham
Y de asking like this.,ham
"And how you will do that, princess? :)",ham
Hahaha..use your brain dear,ham
I wan but too early lei... Me outside now wun b home so early... Neva mind then...,ham
Just wanted to say holy shit you guys weren't kidding about this bud,ham
Now that you have started dont stop. Just pray for more good ideas and anything i see that can help you guys i.ll forward you a link.,ham
How is your schedule next week? I am out of town this weekend.,ham
hi baby im sat on the bloody bus at the mo and i wont be home until about 7:30 wanna do somethin later? call me later ortxt back jess xx,ham
S:-)kallis wont play in first two odi:-),ham
No. She's currently in scotland for that.,ham
K.k:)apo k.good movie.,ham
"Good afternon, my love. How are today? I hope your good and maybe have some interviews. I wake and miss you babe. A passionate kiss from across the sea",ham
This pen thing is beyond a joke. Wont a Biro do? Don't do a masters as can't do this ever again!,ham
Que pases un buen tiempo or something like that,ham
"Congrats! 1 year special cinema pass for 2 is yours. call 09061209465 now! C Suprman V, Matrix3, StarWars3, etc all 4 FREE! bx420-ip4-5we. 150pm. Dont miss out!",spam
Pls clarify back if an open return ticket that i have can be preponed for me to go back to kerala.,ham
"Open rebtel with firefox. When it loads just put plus sign in the user name place, and it will show you two numbers. The lower number is my number. Once you pick that number the pin will display okay!",ham
When did i use soc... I use it only at home... Ü dunno how 2 type it in word ar...,ham
You'd like that wouldn't you? Jerk!,ham
Check mail.i have mailed varma and kept copy to you regarding membership.take care.insha allah.,ham
"Good afternoon, my boytoy ... How are you feeling today ? Better I hope? Are you being my good boy? Are you my obedient, slave? Do you please your Queen?",ham
Spoons it is then okay?,ham
"Today's Offer! Claim ur £150 worth of discount vouchers! Text YES to 85023 now! SavaMob, member offers mobile! T Cs 08717898035. £3.00 Sub. 16 . Unsub reply X",spam
You tell what happen dont behave like this to me. Ok no need to say,ham
I am taking half day leave bec i am not well,ham
Wat time do u wan 2 meet me later?,ham
Thanks for your subscription to Ringtone UK your mobile will be charged £5/month Please confirm by replying YES or NO. If you reply NO you will not be charged,spam
Is it ok if I stay the night here? Xavier has a sleeping bag and I'm getting tired,ham
Cool. So how come you havent been wined and dined before?,ham
"I didnt get ur full msg..sometext is missing, send it again",ham
I wanna watch that movie,ham
Just glad to be talking to you.,ham
Sending you greetings of joy and happiness. Do have a gr8 evening,ham
Thanx...,ham
How come i din c ü... Yup i cut my hair...,ham
Die... Now i have e toot fringe again...,ham
Thanks 4 your continued support Your question this week will enter u in2 our draw 4 £100 cash. Name the NEW US President? txt ans to 80082,spam
Lol that's different. I don't go trying to find every real life photo you ever took.,ham
Havent still waitin as usual... Ü come back sch oredi?,ham
Not from this campus. Are you in the library?,ham
Then i buy.,ham
"Found it, ENC  &lt;#&gt; , where you at?",ham
I love u 2 my little pocy bell I am sorry but I love u,ham
"Hi, my love! How goes that day? Fuck, this morning I woke and dropped my cell on the way down the stairs but it seems alright ... *phews* I miss you !",ham
Oh god i am happy to see your message after 3 days,ham
Oh god. I'm gonna Google nearby cliffs now.,ham
U wake up already? Thanx 4 e tau sar piah it's quite nice.,ham
Send his number and give reply tomorrow morning for why you said that to him like that ok,ham
Ujhhhhhhh computer shipped out with address to sandiago and parantella lane. Wtf. Poop.,ham
I got a call from a landline number. . . I am asked to come to anna nagar . . . I will go in the afternoon,ham
I am late. I will be there at,ham
May i call You later Pls,ham
"Rose for red,red for blood,blood for heart,heart for u. But u for me.... Send tis to all ur friends.. Including me.. If u like me.. If u get back, 1-u r poor in relation! 2-u need some 1 to support 3-u r frnd 2 many 4-some1 luvs u 5+- some1 is praying god to marry u.:-) try it....",ham
"Night has ended for another day, morning has come in a special way. May you smile like the sunny rays and leaves your worries at the blue blue bay. Gud mrng",ham
Hi dude hw r u da realy mising u today,ham
He's really into skateboarding now despite the fact that he gets thrown off of it and winds up with bandages and shit all over his arms every five minutes,ham
"You have been selected to stay in 1 of 250 top British hotels - FOR NOTHING! Holiday Worth £350! To Claim, Call London 02072069400. Bx 526, SW73SS",spam
Where r e meeting tmr?,ham
She.s fine. I have had difficulties with her phone. It works with mine. Can you pls send her another friend request.,ham
What should i eat fo lunch senor,ham
Correct. So how was work today,ham
I wait 4 ü inside da car park...,ham
Ok...,ham
Ha... U jus ate honey ar? So sweet...,ham
"Sorry, I'll call later",ham
"The gas station is like a block away from my house, you'll drive right by it since armenia ends at swann and you have to take howard",ham
I know complain num only..bettr directly go to bsnl offc nd apply for it..,ham
Dear 0776xxxxxxx U've been invited to XCHAT. This is our final attempt to contact u! Txt CHAT to 86688 150p/MsgrcvdHG/Suite342/2Lands/Row/W1J6HL LDN 18yrs,spam
"Sorry, I'll call later",ham
I hate when she does this. She turns what should be a fun shopping trip into an annoying day of how everything would look in her house.,ham
Hey come online! Use msn... We are all there,ham
Nope i'll come online now..,ham
"V-aluable. A-ffectionate. L-oveable. E-ternal. N-oble. T-ruthful. I-ntimate. N-atural. E-namous. Happy ""VALENTINES DAY"" in advance",ham
Headin towards busetop,ham
"Awesome question with a cute answer: Someone asked a boy ""how is ur life?"" . . He smiled &amp; answered: . . ""She is fine!"" Gudnite",ham
"Yeah, probably earlier than that",ham
Good morning princess! Have a great day!,ham
Just finished. Missing you plenty,ham
"Vikky, come around  &lt;TIME&gt; ..",ham
You have registered Sinco as Payee. Log in at icicibank.com and enter URN  &lt;#&gt;  to confirm. Beware of frauds. Do NOT share or disclose URN to anyone.,ham
Yup...,ham
Hi 07734396839 IBH Customer Loyalty Offer: The NEW NOKIA6600 Mobile from ONLY £10 at TXTAUCTION!Txt word:START to No:81151 & get Yours Now!4T&,spam
Ard 4 lor...,ham
We still on for tonight?,ham
What time should I tell my friend to be around?,ham
"How long before you get reply, just defer admission til next semester",ham
"Just arrived, see you in a couple days &lt;3",ham
Yeah if we do have to get a random dude we need to change our info sheets to PARTY  &lt;#&gt; /7 NEVER STUDY just to be safe,ham
"Frnd s not juz a word.....not merely a relationship.....its a silent promise which says ... "" I will be with YOU "" Wherevr.. Whenevr.. Forevr... Gudnyt dear..",ham
"Hey , is * rite u put »10 evey mnth is that all?",ham
Wylie update: my weed dealer carlos went to freedom and had a class with lunsford,ham
"Hey elaine, is today's meeting still on?",ham
PRIVATE! Your 2003 Account Statement for shows 800 un-redeemed S. I. M. points. Call 08718738002 Identifier Code: 48922 Expires 21/11/04,spam
WOT U UP 2 J?,ham
The bus leaves at  &lt;#&gt;,ham
Company is very good.environment is terrific and food is really nice:),ham
have * good weekend.,ham
Camera - You are awarded a SiPix Digital Camera! call 09061221066 fromm landline. Delivery within 28 days,spam
How do friends help us in problems? They give the most stupid suggestion that Lands us into another problem and helps us forgt the previous problem,ham
I dunno they close oredi not... Ü v ma fan...,ham
Shopping lor. Them raining mah hard 2 leave orchard.,ham
He's in lag. That's just the sad part but we keep in touch thanks to skype,ham
Please call our customer service representative on 0800 169 6031 between 10am-9pm as you have WON a guaranteed £1000 cash or £5000 prize!,spam
"Yeah, we got one lined up for us",ham
Or i go home first lar ü wait 4 me lor.. I put down my stuff first..,ham
Do ü noe if ben is going?,ham
Is that what time you want me to come?,ham
Poor girl can't go one day lmao,ham
"Rose for red,red for blood,blood for heart,heart for u. But u for me.... Send tis to all ur friends.. Including me.. If u like me.. If u get back, 1-u r poor in relation! 2-u need some 1 to support 3-u r frnd 2 many 4-some1 luvs u 5+- some1 is praying god to marry u.:-) try it....",ham
So how's the weather over there?,ham
What you thinked about me. First time you saw me in class.,ham
"FREE NOKIA Or Motorola with upto 12mths 1/2price linerental, 500 FREE x-net mins&100txt/mth FREE B'tooth*. Call Mobileupd8 on 08001950382 or call 2optout/D3WV",spam
I just made some payments so dont have that much. Sorry. Would you want it fedex or the other way.,ham
Aight well keep me informed,ham
When/where do I pick you up,ham
Oooh bed ridden ey? What are YOU thinking of?,ham
See you there!,ham
"""Response"" is one of d powerful weapon 2 occupy a place in others 'HEART'... So, always give response 2 who cares 4 U""... Gud night..swt dreams..take care",ham
"Xmas & New Years Eve tickets are now on sale from the club, during the day from 10am till 8pm, and on Thurs, Fri & Sat night this week. They're selling fast!",spam
"I'm nt goin, got somethin on, unless they meetin 4 dinner lor... Haha, i wonder who will go tis time...",ham
Prabha..i'm soryda..realy..frm heart i'm sory,ham
"Also north carolina and texas atm, you would just go to the gre site and pay for the test results to be sent.",ham
How u doin baby girl ?? hope u are okay every time I call ure phone is off! I miss u get in touch,ham
Pls she needs to dat slowly or she will vomit more.,ham
Does uncle timi help in clearing cars,ham
Yup i'm still having coffee wif my frens... My fren drove she'll give me a lift...,ham
Ü eatin later but i'm eatin wif my frens now lei... Ü going home first?,ham
Yo! Howz u? girls never rang after india. L,ham
"Thanks for your ringtone order, ref number K718. Your mobile will be charged £4.50. Should your tone not arrive please call customer services on 09065069120",spam
U buy newspapers already?,ham
"FreeMsg: Claim ur 250 SMS messages-Text OK to 84025 now!Use web2mobile 2 ur mates etc. Join Txt250.com for 1.50p/wk. T&C BOX139, LA32WU. 16 . Remove txtX or stop",spam
"No! But we found a diff farm shop to buy some cheese. On way back now, can i call in?",ham
Go fool dont cheat others ok,ham
WOT U WANNA DO THEN MISSY?,ham
As a registered optin subscriber ur draw 4 £100 gift voucher will be entered on receipt of a correct ans to 80062 Whats No1 in the BBC charts,spam
"Urgent! call 09066350750 from your landline. Your complimentary 4* Ibiza Holiday or 10,000 cash await collection SAE T&Cs PO BOX 434 SK3 8WP 150 ppm 18+",spam
"K, if u bored up just come to my home..",ham
Someone has conacted our dating service and entered your phone because they fancy you!To find out who it is call from landline 09111030116. PoBox12n146tf15,spam
I cant pick the phone right now. Pls send a message,ham
All these nice new shirts and the only thing I can wear them to is nudist themed ;_; you in mu?,ham
"K, text me when you're on the way",ham
The battery is for mr adewale my uncle. Aka Egbon,ham
Then what about further plan?,ham
I will once i get home,ham
If you r @ home then come down within 5 min,ham
Ü come lt 25 n pass to me lar,ham
"Ya ok, then had dinner?",ham
"Hello from Orange. For 1 month's free access to games, news and sport, plus 10 free texts and 20 photo messages, reply YES. Terms apply: www.orange.co.uk/ow",spam
Are you plans with your family set in stone ?,ham
Sent me ur email id soon,ham
"Ups which is 3days also, and the shipping company that takes 2wks. The other way is usps which takes a week but when it gets to lag you may have to bribe nipost to get your stuff.",ham
Doing my masters. When will you buy a bb cos i have for sale and how's bf,ham
Sad story of a Man - Last week was my b'day. My Wife did'nt wish me. My Parents forgot n so did my Kids . I went to work. Even my Colleagues did not wish.,ham
Actually I decided I was too hungry so I haven't left yet :V,ham
Wish i were with you now!,ham
Tessy..pls do me a favor. Pls convey my birthday wishes to Nimya..pls dnt forget it. Today is her birthday Shijas,ham
Gud mrng dear hav a nice day,ham
I'll text now! All creepy like so he won't think that we forgot,ham
Hello. They are going to the village pub at 8 so either come here or there accordingly. Ok?,ham
Hmm...Bad news...Hype park plaza $700 studio taken...Only left 2 bedrm-$900...,ham
Now i'm going for lunch.,ham
All e best 4 ur exam later.,ham
Shall call now dear having food,ham
Maybe i could get book out tomo then return it immediately ..? Or something.,ham
"Ah, well that confuses things, doesn‘t it?",ham
"500 New Mobiles from 2004, MUST GO! Txt: NOKIA to No: 89545 & collect yours today!From ONLY £1 www.4-tc.biz 2optout 087187262701.50gbp/mtmsg18",spam
"The LAY MAN! Just to let you know you are missed and thought off. Do have a great day. And if you can send me bimbo and ugo's numbers, ill appreciate. Safe",ham
"Watching cartoon, listening music &amp; at eve had to go temple &amp; church.. What about u?",ham
In which place i can get rooms cheap:-),ham
How are you enjoying this semester? Take care brother.,ham
Is fujitsu s series lifebook good?,ham
"K, my roommate also wants a dubsack and another friend may also want some so plan on bringing extra, I'll tell you when they know for sure",ham
Sunshine Quiz Wkly Q! Win a top Sony DVD player if u know which country the Algarve is in? Txt ansr to 82277. £1.50 SP:Tyrone,spam
Go where n buy? Juz buy when we get there lar.,ham
Hey you told your name to gautham ah?,ham
Got meh... When?,ham
Yar lor wait 4 my mum 2 finish sch then have lunch lor... I whole morning stay at home clean my room now my room quite clean... Hee...,ham
Okie.. Thanx..,ham
"Hmm well, night night",ham
"Come round, it's .",ham
You have 1 new voicemail. Please call 08719181513.,spam
I think the other two still need to get cash but we can def be ready by 9,ham
I think just yourself …Thanks and see you tomo,ham
Horrible bf... I now v hungry...,ham
Watch lor. I saw a few swatch one i thk quite ok. Ard 116 but i need 2nd opinion leh...,ham
Tell where you reached,ham
Thts wat Wright Brother did to fly..,ham
"Dear Voucher Holder, To claim this weeks offer, at your PC please go to http://www.wtlp.co.uk/text. Ts&Cs apply.",spam
"Someone U know has asked our dating service 2 contact you! Cant Guess who? CALL 09058097189 NOW all will be revealed. POBox 6, LS15HB 150p",spam
"Hey babe, how's it going ? Did you ever figure out where your going for New Years ?",ham
Life spend with someone for a lifetime may be meaningless but a few moments spent with someone who really love you means more than life itself..,ham
Hmmm.still we dont have opener?,ham
"Do you know why god created gap between your fingers..? So that, One who is made for you comes &amp; fills those gaps by holding your hand with LOVE..!",ham
Great NEW Offer - DOUBLE Mins & DOUBLE Txt on best Orange tariffs AND get latest camera phones 4 FREE! Call MobileUpd8 free on 08000839402 NOW! or 2stoptxt T&Cs,spam
Hi this is yijue... It's regarding the 3230 textbook it's intro to algorithms second edition... I'm selling it for $50...,ham
We're on the opposite side from where we dropped you off,ham
Lol wtf random. Btw is that your lunch break,ham
This weekend is fine (an excuse not to do too much decorating),ham
Cps is causing the outages to conserve energy.,ham
I'm always looking for an excuse to be in the city.,ham
Dear U've been invited to XCHAT. This is our final attempt to contact u! Txt CHAT to 86688 150p/MsgrcvdHG/Suite342/2Lands/Row/W1J6HL LDN 18 yrs,spam
"That's very rude, you on campus?",ham
"Yeah I am, so I'll leave maybe 7ish?",ham
"New Tones This week include: 1)McFly-All Ab.., 2) Sara Jorge-Shock.. 3) Will Smith-Switch.. To order follow instructions on next message",spam
Am not working but am up to eyes in philosophy so will text u later when a bit more free for chat...,ham
Mmm so yummy babe ... Nice jolt to the suzy,ham
We tried to contact you re your reply to our offer of a Video Handset? 750 anytime any networks mins? UNLIMITED TEXT? Camcorder? Reply or call 08000930705 NOW,spam
"Depends on quality. If you want the type i sent boye, faded glory, then about 6. If you want ralphs maybe 2",ham
Not able to do anything.,ham
"Yes, princess. Toledo.",ham
"By march ending, i should be ready. But will call you for sure. The problem is that my capital never complete. How far with you. How's work and the ladies",ham
You give us back my id proof and  &lt;#&gt;  rs. We wont allow you to work. We will come to your home within days,ham
You are a winner you have been specially selected to receive £1000 cash or a £2000 award. Speak to a live operator to claim call 087123002209am-7pm. Cost 10p,spam
No wonder... Cos i dun rem seeing a silver car... But i thk i saw a black one...,ham
Don't necessarily expect it to be done before you get back though because I'm just now headin out,ham
Orh i tot u say she now still dun believe.,ham
Mm not entirely sure i understood that text but hey. Ho. Which weekend?,ham
Camera - You are awarded a SiPix Digital Camera! call 09061221066 fromm landline. Delivery within 28 days.,spam
Ok... U enjoy ur shows...,ham
I'll let you know when it kicks in,ham
"What do u reckon as need 2 arrange transport if u can't do it, thanks",ham
"awesome, how do I deal with the gate? Charles told me last night but, uh, yeah",ham
Tone Club: Your subs has now expired 2 re-sub reply MONOC 4 monos or POLYC 4 polys 1 weekly @ 150p per week Txt STOP 2 stop This msg free Stream 0871212025016,spam
"If we hit it off, you can move in with me :)",ham
"Turns out my friends are staying for the whole show and won't be back til ~ &lt;#&gt; , so feel free to go ahead and smoke that $ &lt;#&gt;  worth",ham
"You are guaranteed the latest Nokia Phone, a 40GB iPod MP3 player or a £500 prize! Txt word: COLLECT to No: 83355! IBHltd LdnW15H 150p/Mtmsgrcvd18+",spam
"Hello, my boytoy! I made it home and my constant thought is of you, my love. I hope your having a nice visit but I can't wait till you come home to me ...*kiss*",ham
"URGENT! Your Mobile No was awarded a £2,000 Bonus Caller Prize on 1/08/03! This is our 2nd attempt to contact YOU! Call 0871-4719-523 BOX95QU BT National Rate",spam
hope things went well at 'doctors' ;) reminds me i still need 2go.did u c d little thing i left in the lounge?,ham
Cos i was out shopping wif darren jus now n i called him 2 ask wat present he wan lor. Then he started guessing who i was wif n he finally guessed darren lor.,ham
Its ok my arm is feeling weak cuz i got a shot so we can go another time,ham
And several to you sir.,ham
I had askd u a question some hours before. Its answer,ham
Shant disturb u anymore... Jia you...,ham
URGENT! Your Mobile number has been awarded with a £2000 Bonus Caller Prize. Call 09058095201 from land line. Valid 12hrs only,spam
Yes! How is a pretty lady like you single?,ham
Also where's the piece,ham
You got job in wipro:)you will get every thing in life in 2 or 3 years.,ham
"Night sweet, sleep well! I've just been to see The Exorcism of Emily Rose and may never sleep again! Hugs and snogs!",ham
What to think no one saying clearly. Ok leave no need to ask her. I will go if she come or not,ham
"Solve d Case : A Man Was Found Murdered On  &lt;DECIMAL&gt; . &lt;#&gt;  AfterNoon. 1,His wife called Police. 2,Police questioned everyone. 3,Wife: Sir,I was sleeping, when the murder took place. 4.Cook: I was cooking. 5.Gardener: I was picking vegetables. 6.House-Maid: I went 2 d post office. 7.Children: We went 2 play. 8.Neighbour: We went 2 a marriage. Police arrested d murderer Immediately. Who's It? Reply With Reason, If U r Brilliant.",ham
No de.am seeing in online shop so that i asked.,ham
When u wana see it then,ham
Then ur physics get a-?,ham
The Xmas story is peace.. The Xmas msg is love.. The Xmas miracle is jesus.. Hav a blessed month ahead &amp; wish U Merry Xmas...,ham
"Thanks for your ringtone order, reference number X49.Your mobile will be charged 4.50. Should your tone not arrive please call customer services 09065989182",spam
"Did I forget to tell you ? I want you , I need you, I crave you ... But most of all ... I love you my sweet Arabian steed ... Mmmmmm ... Yummy",ham
HOW ARE U? I HAVE MISSED U! I HAVENT BEEN UP 2 MUCH A BIT BORED WITH THE HOLIDAY WANT 2 GO BAK 2 COLLEGE! SAD ISNT IT?xx,ham
Do have a nice day today. I love you so dearly.,ham
i can call in  &lt;#&gt;  min if thats ok,ham
No one interested. May be some business plan.,ham
Please call our customer service representative on FREEPHONE 0808 145 4742 between 9am-11pm as you have WON a guaranteed £1000 cash or £5000 prize!,spam
Oh ok.. Wat's ur email?,ham
:),ham
Do we have any spare power supplies,ham
I don't run away frm u... I walk slowly &amp; it kills me that u don't care enough to stop me...,ham
Hahaha..use your brain dear,ham
No. Yes please. Been swimming?,ham
Free Top ringtone -sub to weekly ringtone-get 1st week free-send SUBPOLY to 81618-?3 per week-stop sms-08718727870,spam
Hiya do u like the hlday pics looked horrible in them so took mo out! Hows the camp Amrca thing? Speak soon Serena:),ham
No objection. My bf not coming.,ham
Where you. What happen,ham
Boooo you always work. Just quit.,ham
"Its ok chikku, and its my 1 of favourite song..:-)",ham
Yar lor... How u noe? U used dat route too?,ham
Remember to ask alex about his pizza,ham
Lol your always so convincing.,ham
All will come alive.better correct any good looking figure there itself..,ham
I have no idea where you are,ham
Babe ? I lost you ... :-(,ham
"URGENT! Your Mobile No. was awarded £2000 Bonus Caller Prize on 5/9/03 This is our final try to contact U! Call from Landline 09064019788 BOX42WR29C, 150PPM",spam
"Hi hope u r both ok, he said he would text and he hasn't, have u seen him, let me down gently please",ham
Oh dang! I didn't mean o send that to you! Lol!,ham
Yeah you should. I think you can use your gt atm now to register. Not sure but if there's anyway i can help let me know. But when you do be sure you are ready.,ham
"Geeee ... I miss you already, you know ? Your all I can think about. Fuck, I can't wait till next year when we will be together ... *loving kiss*",ham
"Hi, the SEXYCHAT girls are waiting for you to text them. Text now for a great night chatting. send STOP to stop this service",spam
"Oh... Icic... K lor, den meet other day...",ham
"This is one of the days you have a billion classes, right?",ham
Keep my payasam there if rinu brings,ham
Sorry about that this is my mates phone and i didnt write it love Kate,ham
Ok,ham
Love it! Daddy will make you scream with pleasure! I am going to slap your ass with my dick!,ham
Congratulations ore mo owo re wa. Enjoy it and i wish you many happy moments to and fro wherever you go,ham
Ryder unsold.now gibbs.,ham
Sorry de i went to shop.,ham
I wanted to ask ü to wait 4 me to finish lect. Cos my lect finishes in an hour anyway.,ham
"God picked up a flower and dippeditinaDEW, lovingly touched itwhichturnedinto u, and the he gifted tomeandsaid,THIS FRIEND IS 4U",ham
Camera - You are awarded a SiPix Digital Camera! call 09061221066 fromm landline. Delivery within 28 days.,spam
You've already got a flaky parent. It'snot supposed to be the child's job to support the parent...not until they're The Ride age anyway. I'm supposed to be there to support you. And now i've hurt you. unintentional. But hurt nonetheless.,ham
I havent lei.. Next mon can?,ham
K:)k..its good:)when are you going?,ham
Ok... Help me ask if she's working tmr a not?,ham
It's é only $140 ard...É rest all ard $180 at least...Which is é price 4 é 2 bedrm ($900),ham
Are you happy baby ? Are you alright ? Did you take that job ? I hope your fine. I send you a kiss to make you smile from across the sea ... *kiss* *kiss*,ham
&lt;DECIMAL&gt; m but its not a common car here so its better to buy from china or asia. Or if i find it less expensive. I.ll holla,ham
"That's fine, I'll bitch at you about it later then",ham
Joy's father is John. Then John is the NAME of Joy's father. Mandan,ham
"Yeah I think my usual guy's still passed out from last night, if you get ahold of anybody let me know and I'll throw down",ham
"Mmmmmm ... I love you,so much, Ahmad ... I can't wait for this year to begin as every second takes me closer to being at your side. Happy New Year, my love!!",ham
Goodmorning today i am late for  &lt;DECIMAL&gt; min.,ham
How come she can get it? Should b quite diff to guess rite...,ham
Prakesh is there know.,ham
Call Germany for only 1 pence per minute! Call from a fixed line via access number 0844 861 85 85. No prepayment. Direct access!,spam
"Nah can't help you there, I've never had an iphone",ham
"Mum, hope you are having a great day. Hoping this text meets you well and full of life. Have a great day. Abiola",ham
I'm coming back on Thursday. Yay. Is it gonna be ok to get the money. Cheers. Oh yeah and how are you. Everything alright. Hows school. Or do you call it work now,ham
"Awesome, be there in a minute",ham
"I haven't forgotten you, i might have a couple bucks to send you tomorrow, k? I love ya too",ham
Good night. Am going to sleep.,ham
"Ya ok, vikky vl c witin  &lt;#&gt; mins and il reply u..",ham
I got it before the new year cos yetunde said she wanted to surprise you with it but when i didnt see money i returned it mid january before the  &lt;#&gt; day return period ended.,ham
"It's cool, let me know before it kicks off around  &lt;#&gt; , I'll be out and about all day",ham
How much would it cost to hire a hitman,ham
As in different styles?,ham
Id onluy matters when getting on from offcampus,ham
But i dint slept in afternoon.,ham
Boo I'm on my way to my moms. She's making tortilla soup. Yummmm,ham
"HOT LIVE FANTASIES call now 08707509020 Just 20p per min NTT Ltd, PO Box 1327 Croydon CR9 5WB 0870 is a national rate call",spam
Please da call me any mistake from my side sorry da. Pls da goto doctor.,ham
No i am not having not any movies in my laptop,ham
100 dating service cal;l 09064012103 box334sk38ch,spam
Mmmm.... I cant wait to lick it!,ham
"""Hi missed your Call and my mumHas beendropping red wine all over theplace! what is your adress?""",ham
Forgot to tell ü smth.. Can ü like number the sections so that it's clearer..,ham
", ow u dey.i paid 60,400thousad.i told  u would call .",ham
FREE for 1st week! No1 Nokia tone 4 ur mob every week just txt NOKIA to 8007 Get txting and tell ur mates www.getzed.co.uk POBox 36504 W45WQ norm150p/tone 16+,spam
ringtoneking 84484,spam
"Will u meet ur dream partner soon? Is ur career off 2 a flyng start? 2 find out free, txt HORO followed by ur star sign, e. g. HORO ARIES",spam
Horrible u eat macs eat until u forgot abt me already rite... U take so long 2 reply. I thk it's more toot than b4 so b prepared. Now wat shall i eat?,ham
Lol they were mad at first but then they woke up and gave in.,ham
I hope your pee burns tonite.,ham
Call me when u're done...,ham
Thats cool! I am a gentleman and will treat you with dignity and respect.,ham
No but the bluray player can,ham
Lol ok your forgiven :),ham
On the way to office da..,ham
"I am in tirupur da, once you started from office call me.",ham
it's really getting me down just hanging around.,ham
Reply to win £100 weekly! What professional sport does Tiger Woods play? Send STOP to 87239 to end service,spam
Just re read it and I have no shame but tell me how he takes it and if he runs I will blame u 4 ever!! Not really 4 ever just a long time,ham
"Urgent! call 09066350750 from your landline. Your complimentary 4* Ibiza Holiday or 10,000 cash await collection SAE T&Cs PO BOX 434 SK3 8WP 150 ppm 18+",spam
ok. I am a gentleman and will treat you with dignity and respect.,ham
"K, I might come by tonight then if my class lets out early",ham
Well there's a pattern emerging of my friends telling me to drive up and come smoke with them and then telling me that I'm a weed fiend/make them smoke too much/impede their doing other things so you see how I'm hesitant,ham
Yes..gauti and sehwag out of odi series.,ham
Baaaaaaaabe! Wake up ! I miss you ! I crave you! I need you!,ham
Ya very nice. . .be ready on thursday,ham
Left dessert. U wan me 2 go suntec look 4 u?,ham
Are you at work right now ?,ham
FROM 88066 LOST £12 HELP,spam
i cant talk to you now.i will call when i can.dont keep calling.,ham
Hey i've booked the 2 lessons on sun liao...,ham
Urgent! Please call 09061743810 from landline. Your ABTA complimentary 4* Tenerife Holiday or #5000 cash await collection SAE T&Cs Box 326 CW25WX 150 ppm,spam
Love has one law; Make happy the person you love. In the same way friendship has one law; Never make ur friend feel alone until you are alive.... Gud night,ham
"Haha, my legs and neck are killing me and my amigos are hoping to end the night with a burn, think I could swing by in like an hour?",ham
"Call me when you/carlos is/are here, my phone's vibrate is acting up and I might not hear texts",ham
i am going to bed now prin,ham
I miss you so much I'm so desparate I have recorded the message you left for me the other day and listen to it just to hear the sound of your voice. I love you,ham
Ok thanx...,ham
Bbq this sat at mine from 6ish. Ur welcome 2 come,ham
You won't believe it but it's true. It's Incredible Txts! Reply G now to learn truly amazing things that will blow your mind. From O2FWD only 18p/txt,spam
Yup next stop.,ham
Please call our customer service representative on FREEPHONE 0808 145 4742 between 9am-11pm as you have WON a guaranteed £1000 cash or £5000 prize!,spam
500 free text msgs. Just text ok to 80488 and we'll credit your account,spam
And also I've sorta blown him off a couple times recently so id rather not text him out of the blue looking for weed,ham
"You have been specially selected to receive a ""3000 award! Call 08712402050 BEFORE the lines close. Cost 10ppm. 16+. T&Cs apply. AG Promo",spam
Ok enjoy . R u there in home.,ham
Gr8. So how do you handle the victoria island traffic. Plus when's the album due,ham
Ok i am on the way to home hi hi,ham
"Mmmmm ... I loved waking to your words this morning ! I miss you too, my Love. I hope your day goes well and you are happy. I wait for us to be together again",ham
"If you're still up, maybe leave the credit card so I can get gas when I get back like he told me to",ham
Shuhui has bought ron's present it's a swatch watch...,ham
Nah im goin 2 the wrks with j wot bout u?,ham
"K I'm leaving soon, be there a little after 9",ham
Tomorrow i am not going to theatre. . . So i can come wherever u call me. . . Tell me where and when to come tomorrow,ham
Do you know when dad will be back?,ham
"Aight, I should be there by 8 at the latest, probably closer to 7. Are jay and tyler down or should we just do two trips?",ham
And you! Will expect you whenever you text! Hope all goes well tomo,ham
"Nope. Since ayo travelled, he has forgotten his guy",ham
U horrible gal... U knew dat i was going out wif him yest n u still come n ask me...,ham
"Wow. I never realized that you were so embarassed by your accomodations. I thought you liked it, since i was doing the best i could and you always seemed so happy about ""the cave"". I'm sorry I didn't and don't have more to give. I'm sorry i offered. I'm sorry your room was so embarassing.",ham
Ok lor. I ned 2 go toa payoh 4 a while 2 return smth u wan 2 send me there or wat?,ham
Dai  &lt;#&gt;  naal eruku.,ham
Congratulations ur awarded 500 of CD vouchers or 125gift guaranteed & Free entry 2 100 wkly draw txt MUSIC to 87066,spam
"Do 1 thing! Change that sentence into: ""Because i want 2 concentrate in my educational career im leaving here..""",ham
We can make a baby in yo tho,ham
I accidentally brought em home in the box,ham
"URGENT! Your mobile number *************** WON a £2000 Bonus Caller prize on 10/06/03! This is the 2nd attempt to reach you! Call 09066368753 ASAP! Box 97N7QP, 150ppm",spam
It means u could not keep ur words.,ham
"To review and KEEP the fantastic Nokia N-Gage game deck with Club Nokia, go 2 www.cnupdates.com/newsletter. unsubscribe from alerts reply with the word OUT",spam
Normally i use to drink more water daily:),ham
U in town alone?,ham
"Greetings me, ! Consider yourself excused.",ham
"came to look at the flat, seems ok, in his 50s? * Is away alot wiv work. Got woman coming at 6.30 too.",ham
Nope... C ü then...,ham
The world's most happiest frnds never have the same characters... Dey just have the best understanding of their differences...,ham
Then ü come n pick me at 530 ar?,ham
It does it on its own. Most of the time it fixes my spelling. But sometimes it gets a completely diff word. Go figure,ham
Check with nuerologist.,ham
S:-)if we have one good partnership going we will take lead:),ham
"Dear, will call Tmorrow.pls accomodate.",ham
"Ditto. And you won't have to worry about me saying ANYTHING to you anymore. Like i said last night, you do whatever you want and i'll do the same. Peace.",ham
No. It's not pride. I'm almost  &lt;#&gt;  years old and shouldn't be takin money from my kid. You're not supposed to have to deal with this stuff. This is grownup stuff--why i don't tell you.,ham
"I wonder if your phone battery went dead ? I had to tell you, I love you babe",ham
Not heard from U4 a while. Call 4 rude chat private line 01223585334 to cum. Wan 2C pics of me gettin shagged then text PIX to 8552. 2End send STOP 8552 SAM xxx,spam
This is all just creepy and crazy to me.,ham
Dear i have reache room,ham
Oh you got many responsibilities.,ham
Free any day but i finish at 6 on mon n thurs...,ham
Take us out shopping and Mark will distract Isaiah.=D,ham
That depends. How would you like to be treated? :),ham
How come guoyang go n tell her? Then u told her?,ham
"Goodmorning, today i am late for  &lt;DECIMAL&gt; min.",ham
Hi Chachi tried calling u now unable to reach u .. Pl give me a missed cal once u c tiz msg  Kanagu,ham
"Good good, billy mates all gone. Just been jogging, again! Did enjoy concert?",ham
Cos darren say ü considering mah so i ask ü...,ham
What happen dear. Why you silent. I am tensed,ham
You please give us connection today itself before  &lt;DECIMAL&gt;  or refund the bill,ham
There's no point hangin on to mr not right if he's not makin u happy,ham
Not sure I have the stomach for it ...,ham
"Please protect yourself from e-threats. SIB never asks for sensitive information like Passwords,ATM/SMS PIN thru email. Never share your password with anybody.",ham
I am not sure about night menu. . . I know only about noon menu,ham
Your opinion about me? 1. Over 2. Jada 3. Kusruthi 4. Lovable 5. Silent 6. Spl character 7. Not matured 8. Stylish 9. Simple Pls reply..,ham
"Hey, I missed you tm of last night as my phone was on the charge ... *smiles* ... I am meeting a friend shortly",ham
"Me not waking up until 4 in the afternoon, sup",ham
I AM AT A PARTY WITH ALEX NICHOLS,ham
RGENT! This is the 2nd attempt to contact U!U have WON £1250 CALL 09071512433 b4 050703 T&CsBCM4235WC1N3XX. callcost 150ppm mobilesvary. max£7. 50,spam
Hey I am really horny want to chat or see me naked text hot to 69698 text charged at 150pm to unsubscribe text stop 69698,spam
S:)but he had some luck.2 catches put down:),ham
Oh for fuck's sake she's in like tallahassee,ham
Whatsup there. Dont u want to sleep,ham
Cos i want it to be your thing,ham
"A few people are at the game, I'm at the mall with iouri and kaila",ham
At the funeral home with Audrey and dad,ham
PRIVATE! Your 2004 Account Statement for 078498****7 shows 786 unredeemed Bonus Points. To claim call 08719180219 Identifier Code: 45239 Expires 06.05.05,spam
"Hurry up, I've been weed-deficient for like three days",ham
"Sounds good, keep me posted",ham
She doesnt need any test.,ham
Me n him so funny...,ham
And he's apparently bffs with carly quick now,ham
Omg I want to scream. I weighed myself and I lost more weight! Woohoo!,ham
Great NEW Offer - DOUBLE Mins & DOUBLE Txt on best Orange tariffs AND get latest camera phones 4 FREE! Call MobileUpd8 free on 08000839402 NOW! or 2stoptxt T&Cs,spam
Didn't you get hep b immunisation in nigeria.,ham
You can never do NOTHING,ham
Your brother is a genius,ham
"I'll see, but prolly yeah",ham
"As in missionary hook up, doggy hook up, standing...|",ham
UR awarded a City Break and could WIN a £200 Summer Shopping spree every WK. Txt STORE to 88039.SkilGme.TsCs087147403231Winawk!Age16+£1.50perWKsub,spam
Not planned yet :)going to join company on jan 5 only.don know what will happen after that.,ham
Doesn't g have class early tomorrow and thus shouldn't be trying to smoke at  &lt;#&gt;,ham
"Urgent! Please call 0906346330. Your ABTA complimentary 4* Spanish Holiday or £10,000 cash await collection SAE T&Cs BOX 47 PO19 2EZ 150ppm 18+",spam
Pls ask macho how much is budget for bb bold 2 is cos i saw a new one for  &lt;#&gt;  dollars.,ham
Yo sorry was in the shower sup,ham
Bloomberg -Message center +447797706009 Why wait? Apply for your future http://careers. bloomberg.com,spam
"Sir, Waiting for your mail.",ham
"""HEY BABE! FAR 2 SPUN-OUT 2 SPK AT DA MO... DEAD 2 DA WRLD. BEEN SLEEPING ON DA SOFA ALL DAY, HAD A COOL NYTHO, TX 4 FONIN HON, CALL 2MWEN IM BK FRMCLOUD 9! J X""",ham
As if i wasn't having enough trouble sleeping.,ham
K do I need a login or anything,ham
I'm sick !! I'm needy !! I want you !! *pouts* *stomps feet* Where are you ?! *pouts* *stomps feet* I want my slave !! I want him now !!,ham
Yup i thk so until e shop closes lor.,ham
Shall i get my pouch?,ham
Free 1st week entry 2 TEXTPOD 4 a chance 2 win 40GB iPod or £250 cash every wk. Txt VPOD to 81303 Ts&Cs www.textpod.net custcare 08712405020.,spam
SMS. ac Sptv: The New Jersey Devils and the Detroit Red Wings play Ice Hockey. Correct or Incorrect? End? Reply END SPTV,spam
"Win the newest Harry Potter and the Order of the Phoenix (Book 5) reply HARRY, answer 5 questions - chance to be the first among readers!",spam
Anyway holla at me whenever you're around because I need an excuse to go creep on people in sarasota,ham
Have you always been saying welp?,ham
Lol yep did that yesterday. Already got my fireplace. Now its just another icon sitting there for me.,ham
-PLS STOP bootydelious (32/F) is inviting you to be her friend. Reply YES-434 or NO-434 See her: www.SMS.ac/u/bootydelious STOP? Send STOP FRND to 62468,spam
Would really appreciate if you call me. Just need someone to talk to.,ham
aathi..where are you dear..,ham
Wife.how she knew the time of murder exactly,ham
"For ur chance to win a £250 wkly shopping spree TXT: SHOP to 80878. T's&C's www.txt-2-shop.com custcare 08715705022, 1x150p/wk",spam
"You might want to pull out more just in case and just plan on not spending it if you can, I don't have much confidence in derek and taylor's money management",ham
Surly ill give it to you:-) while coming to review.,ham
Is there any training tomorrow?,ham
7 lor... Change 2 suntec... Wat time u coming?,ham
"Ya tel, wats ur problem..",ham
"Ahhhh...just woken up!had a bad dream about u tho,so i dont like u right now :) i didnt know anything about comedy night but i guess im up for it.",ham
"Babe ! How goes that day ? What are you doing ? Where are you ? I sip my cappuccino and think of you, my love ... I send a kiss to you from across the sea",ham
Ok cool. See ya then.,ham
Okie,ham
"Hi Chikku, send some nice msgs",ham
"OH YEAH,AND HAV A GREAT TIME IN NEWQUAY-SEND ME A POSTCARD !1 LOOK AFTER ALL THE GIRLS WHILE IM GONE(U KNOW THE 1IM TALKIN BOUT!)xx",ham
Yeah I don't see why not,ham
I'll text you when I drop x off,ham
"Best line said in Love: . ""I will wait till the day I can forget u Or The day u realize that u cannot forget me.""... Gn",ham
Hi its in durban are you still on this number,ham
First answer my question.,ham
How i noe... She's in da car now... Later then c lar... I'm wearing shorts...,ham
"Fun fact: although you would think armand would eventually build up a tolerance or some shit considering how much he smokes, he gets fucked up in like 2 hits",ham
"Dear, take care. I am just reaching home.love u a lot.",ham
He like not v shock leh. Cos telling shuhui is like telling leona also. Like dat almost all know liao. He got ask me abt ur reaction lor.,ham
Goin to workout lor... Muz lose e fats...,ham
Howz that persons story,ham
"Aight, lemme know what's up",ham
aathi..where are you dear..,ham
So wat's da decision?,ham
You call him now ok i said call him,ham
Ok. There may be a free gym about.,ham
"Cant believe i said so many things to you this morning when all i really wanted to say was good morning, i love you! Have a beautiful morning. See you in the library later.",ham
Meeting u is my work. . . Tel me when shall i do my work tomorrow,ham
URGENT! We are trying to contact U Todays draw shows that you have won a £800 prize GUARANTEED. Call 09050000460 from land line. Claim J89. po box245c2150pm,spam
Genius what's up. How your brother. Pls send his number to my skype.,ham
My sister got placed in birla soft da:-),ham
One day a crab was running on the sea shore..The waves came n cleared the footprints of the crab.. Crab asked: being my frnd y r u clearing my beautiful footprints? Waves replied: A fox was following ur footprints to catch you! thats y i cleared it off:) frndsship never lets u dwn :-) GUD nyt..,ham
Can ü all decide faster cos my sis going home liao..,ham
We took hooch for a walk toaday and i fell over! Splat! Grazed my knees and everything! Should have stayed at home! See you tomorrow!,ham
No dear i do have free messages without any recharge. Hi hi hi,ham
"Yeah, in fact he just asked if we needed anything like an hour ago. When and how much?",ham
No need for the drug anymore.,ham
Then just eat a shit and wait for ur monkey face bitch.......... U asshole..................,ham
Ü neva tell me how i noe... I'm not at home in da aft wat...,ham
Dhoni have luck to win some big title.so we will win:),ham
Uncle boye. I need movies oh. Guide me. Plus you know torrents are not particularly legal here. And the system is slowing down. What should i do. Have a gr8 day. Plus have you started cos i dont meet you online. How was the honey moon.,ham
No it was cancelled yeah baby! Well that sounds important so i understand my darlin give me a ring later on this fone love Kate x,ham
"I prefer my free days... Tues, wed, fri oso can... Ü ask those workin lor...",ham
Ok which your another number,ham
I realise you are a busy guy and i'm trying not to be a bother. I have to get some exams outta the way and then try the cars. Do have a gr8 day,ham
"Dear all, as we know  &lt;#&gt; th is the  &lt;#&gt; th birthday of our loving Gopalettan. We are planning to give a small gift on that day. Those who like to participate in that you are welcome. Please contact our admin team for more details",ham
Once free call me sir. I am waiting for you.,ham
They just talking thats it de. They wont any other.,ham
Come aftr  &lt;DECIMAL&gt; ..now i m cleaning the house,ham
Aww that's the first time u said u missed me without asking if I missed u first. You DO love me! :),ham
"What part of ""don't initiate"" don't you understand",ham
"SMS. ac sun0819 posts HELLO:""You seem cool, wanted to say hi. HI!!!"" Stop? Send STOP to 62468",spam
Same to u...,ham
I cant pick the phone right now. Pls send a message,ham
"Do you ever notice that when you're driving, anyone going slower than you is an idiot and everyone driving faster than you is a maniac?",spam
SMS AUCTION - A BRAND NEW Nokia 7250 is up 4 auction today! Auction is FREE 2 join & take part! Txt NOKIA to 86021 now!,spam
K:)eng rocking in ashes:),ham
Bored housewives! Chat n date now! 0871750.77.11! BT-national rate 10p/min only from landlines!,spam
Ok... C ya...,ham
Then ü ask dad to pick ü up lar... Ü wan 2 stay until 6 meh...,ham
Sian... Aft meeting supervisor got work 2 do liao... U working now?,ham
"Xmas Offer! Latest Motorola, SonyEricsson & Nokia & FREE Bluetooth or DVD! Double Mins & 1000 Txt on Orange. Call MobileUpd8 on 08000839402 or call2optout/4QF2",spam
"Im in inperialmusic listening2the weirdest track ever byleafcutter john-sounds like insects being molested&someone plumbing,remixed by evil men on acid!",ham
Pls speak with me. I wont ask anything other then you friendship.,ham
K:)k:)what are detail you want to transfer?acc no enough?,ham
Tell me again what your address is,ham
I wont do anything de.,ham
I am joining today formally.Pls keep praying.will talk later.,ham
Hi Harish's rent has been transfred to ur Acnt.,ham
Congratulations ur awarded 500 of CD vouchers or 125gift guaranteed & Free entry 2 100 wkly draw txt MUSIC to 87066 TnCs www.Ldew.com1win150ppmx3age16,spam
PRIVATE! Your 2004 Account Statement for 07742676969 shows 786 unredeemed Bonus Points. To claim call 08719180248 Identifier Code: 45239 Expires,spam
And do you have any one that can teach me how to ship cars.,ham
Its too late:)but its k.wish you the same.,ham
have you ever had one foot before?,ham
Yes I posted a couple of pics on fb. There's still snow outside too. I'm just waking up :),ham
when you and derek done with class?,ham
U have a secret admirer who is looking 2 make contact with U-find out who they R*reveal who thinks UR so special-call on 09058094594,spam
what number do u live at? Is it 11?,ham
Are you up for the challenge? I know i am :),ham
I just cooked a rather nice salmon a la you,ham
"Sir, waiting for your letter.",ham
Sen told that he is going to join his uncle finance in cbe,ham
East coast,ham
Tired. I haven't slept well the past few nights.,ham
Hi da:)how is the todays class?,ham
Good morning princess! Happy New Year!,ham
Exactly. Anyways how far. Is jide her to study or just visiting,ham
Our ride equally uneventful - not too many of those pesky cyclists around at that time of night ;).,ham
You should get more chicken broth if you want ramen unless there's some I don't know about,ham
"Chinatown got porridge, claypot rice, yam cake, fishhead beehoon... Either we eat cheap den go cafe n tok or go nydc or somethin...",ham
Take care and sleep well.you need to learn to change in life.you only need to get CONVINCED on that.i will wait but no more conversations between us.GET CONVINCED by that time.Your family is over for you in many senses.respect them but not overemphasise.or u have no role in my life.,ham
Mum say we wan to go then go... Then she can shun bian watch da glass exhibition...,ham
WINNER!! As a valued network customer you have been selected to receivea £900 prize reward! To claim call 09061701461. Claim code KL341. Valid 12 hours only.,spam
"Urgent -call 09066649731from Landline. Your complimentary 4* Ibiza Holiday or £10,000 cash await collection SAE T&Cs PO BOX 434 SK3 8WP 150ppm 18+",spam
There are some nice pubs near here or there is Frankie n Bennys near the warner cinema?,ham
"Sad story of a Man - Last week was my b'day. My Wife did'nt wish me. My Parents forgot n so did my Kids . I went to work. Even my Colleagues did not wish. As I entered my cabin my PA said, '' Happy B'day Boss !!''. I felt special. She askd me 4 lunch. After lunch she invited me to her apartment. We went there. She said,'' do u mind if I go into the bedroom for a minute ? '' ''OK'', I sed in a sexy mood. She came out 5 minuts latr wid a cake...n My Wife, My Parents, My Kidz, My Friends n My Colleagues. All screaming.. SURPRISE !! and I was waiting on the sofa.. ... ..... ' NAKED...!",ham
Ok.. Ü finishing soon?,ham
This pain couldn't have come at a worse time.,ham
Sindu got job in birla soft ..,ham
"Hello, my love. What are you doing? Did you get to that interview today? Are you you happy? Are you being a good boy? Do you think of me?Are you missing me ?",ham
She's fine. Sends her greetings,ham
Sure! I am driving but will reach my destination soon.,ham
"(And my man carlos is definitely coming by mu tonight, no excuses)",ham
"Sir, hope your day is going smoothly. i really hoped i wont have to bother you about this. I have some bills that i can't settle this month. I am out of all extra cash. I know this is a challenging time for you also but i have to let you know.",ham
S..antha num corrct dane,ham
Ur cash-balance is currently 500 pounds - to maximize ur cash-in now send COLLECT to 83600 only 150p/msg. CC: 08718720201 PO BOX 114/14 TCR/W1,spam
None of that's happening til you get here though,ham
What is your record for one night? :),ham
Send me yetty's number pls.,ham
"Bill, as in: Are there any letters for me. i’m expecting one from orange that isn’t a bill but may still say orange on it.",ham
We are both fine. Thanks,ham
Ok lor...,ham
WHAT TIME U WRKIN?,ham
Yup n her fren lor. I'm meeting my fren at 730.,ham
Carry on not disturbing both of you,ham
Blank is Blank. But wat is blank? Lol,ham
"I know you are thinkin malaria. But relax, children cant handle malaria. She would have been worse and its gastroenteritis. If she takes enough to replace her loss her temp will reduce. And if you give her malaria meds now she will just vomit. Its a self limiting illness she has which means in a few days it will completely stop",ham
Haha... They cant what... At the most tmr forfeit... haha so how?,ham
Sleeping nt feeling well,ham
I got lousy sleep. I kept waking up every 2 hours to see if my cat wanted to come in. I worry about him when its cold :(,ham
Those cocksuckers. If it makes you feel better ipads are worthless garbage novelty items and you should feel bad for even wanting one,ham
So its to be poking man everyday that they teach you in canada abi! How are you. Just saying hi.,ham
Not a drop in the tank,ham
"I‘ve got some salt, you can rub it in my open wounds if you like!",ham
K. I will sent it again,ham
Hhahhaahahah rofl wtf nig was leonardo in your room or something,ham
I wnt to buy a BMW car urgently..its vry urgent.but hv a shortage of  &lt;#&gt; Lacs.there is no source to arng dis amt. &lt;#&gt; lacs..thats my prob,ham
Your opinion about me? 1. Over 2. Jada 3. Kusruthi 4. Lovable 5. Silent 6. Spl character 7. Not matured 8. Stylish 9. Simple Pls reply..,ham
Aight do you still want to get money,ham
Lol they don't know about my awesome phone. I could click delete right now if I want.,ham
Already one guy loving you:-.,ham
You sure your neighbors didnt pick it up,ham
"When people see my msgs, They think Iam addicted to msging... They are wrong, Bcoz They don\'t know that Iam addicted to my sweet Friends..!! BSLVYL",ham
"Sorry, I'll call later In meeting.",ham
"Maybe westshore or hyde park village, the place near my house?",ham
For fear of fainting with the of all that housework you just did? Quick have a cuppa,ham
Ok darlin i supose it was ok i just worry too much.i have to do some film stuff my mate and then have to babysit again! But you can call me there.xx,ham
Thanx 4 sending me home...,ham
"Cool, what time you think you can get here?",ham
i see. When we finish we have loads of loans to pay,ham
"Alright we'll bring it to you, see you in like  &lt;#&gt;  mins",ham
"Wen ur lovable bcums angry wid u, dnt take it seriously.. Coz being angry is d most childish n true way of showing deep affection, care n luv!.. kettoda manda... Have nice day da.",ham
Bull. Your plan was to go floating off to IKEA with me without a care in the world. So i have to live with your mess another day.,ham
"K, wait chikku..il send aftr  &lt;#&gt; mins",ham
"As I entered my cabin my PA said, '' Happy B'day Boss !!''. I felt special. She askd me 4 lunch. After lunch she invited me to her apartment. We went there.",ham
Me hungry buy some food good lei... But mum n yun dun wan juz buy a little bit...,ham
I love ya too but try and budget your money better babe. Gary would freak on me if he knew,ham
Big brother‘s really scraped the barrel with this shower of social misfits,ham
"I got arrested for possession at, I shit you not,  &lt;TIME&gt;  pm",ham
Yeah I'll try to scrounge something up,ham
If you still havent collected the dough pls let me know so i can go to the place i sent it to get the control number,ham
Oh oh... Wasted... Den muz chiong on sat n sun liao...,ham
"A cute thought for friendship: ""Its not necessary to share every secret with ur close Frnd, but watever u shared should be true""....",ham
Someone U know has asked our dating service 2 contact you! Cant Guess who? CALL 09058091854 NOW all will be revealed. PO BOX385 M6 6WU,spam
U GOIN OUT 2NITE?,ham
S da..al r above  &lt;#&gt;,ham
Loans for any purpose even if you have Bad Credit! Tenants Welcome. Call NoWorriesLoans.com on 08717111821,spam
I'm at work. Please call,ham
"Under the sea, there lays a rock. In the rock, there is an envelope. In the envelope, there is a paper. On the paper, there are 3 words... '",ham
I've reached already.,ham
Did you get any gift? This year i didnt get anything. So bad,ham
I wud never mind if u dont miss me or if u dont need me.. But u wil really hurt me wen u need me &amp; u dont tell me......... Take care:-),ham
We tried to contact you re your reply to our offer of 750 mins 150 textand a new video phone call 08002988890 now or reply for free delivery tomorrow,spam
God's love has no limit. God's grace has no measure. God's power has no boundaries. May u have God's endless blessings always in ur life...!! Gud ni8,ham
Cuz ibored. And don wanna study,ham
After the drug she will be able to eat.,ham
What your plan for pongal?,ham
URGENT! Your Mobile number has been awarded with a £2000 prize GUARANTEED. Call 09058094454 from land line. Claim 3030. Valid 12hrs only,spam
Good Morning plz call me sir,ham
S s..first time..dhoni rocks...,ham
if you aren't here in the next  &lt;#&gt;  hours imma flip my shit,ham
Send a logo 2 ur lover - 2 names joined by a heart. Txt LOVE NAME1 NAME2 MOBNO eg LOVE ADAM EVE 07123456789 to 87077 Yahoo! POBox36504W45WQ TxtNO 4 no ads 150p,spam
GENT! We are trying to contact you. Last weekends draw shows that you won a £1000 prize GUARANTEED. Call 09064012160. Claim Code K52. Valid 12hrs only. 150ppm,spam
07732584351 - Rodger Burns - MSG = We tried to call you re your reply to our sms for a free nokia mobile + free camcorder. Please call now 08000930705 for delivery tomorrow,spam
I've sent ü my part..,ham
E admin building there? I might b slightly earlier... I'll call u when i'm reaching...,ham
S but mostly not like that.,ham
Ok no problem... Yup i'm going to sch at 4 if i rem correctly...,ham
"Babe, I'm back ... Come back to me ...",ham
Hope youre not having too much fun without me!! see u tomorrow love jess x,ham
"The affidavit says  &lt;#&gt;  E Twiggs St, division g, courtroom  &lt;#&gt; , &lt;TIME&gt;  AM. I'll double check and text you again tomorrow",ham
He's an adult and would learn from the experience. There's no real danger. I just dont like peeps using drugs they dont need. But no comment,ham
"Goal! Arsenal 4 (Henry, 7 v Liverpool 2 Henry scores with a simple shot from 6 yards from a pass by Bergkamp to give Arsenal a 2 goal margin after 78 mins.",spam
"Honeybee Said: *I'm d Sweetest in d World* God Laughed &amp; Said: *Wait,U Havnt Met d Person Reading This Msg* MORAL: Even GOD Can Crack Jokes! GM+GN+GE+GN:)",ham
Hi dear we saw dear. We both are happy. Where you my battery is low,ham
Thank you princess! You are so sexy...,ham
"Dont worry, 1 day very big lambu ji vl come..til then enjoy batchlor party:-)",ham
Just finished eating. Got u a plate. NOT leftovers this time.,ham
I don't want you to leave. But i'm barely doing what i can to stay sane. fighting with you constantly isn't helping.,ham
money!!! you r a lucky winner ! 2 claim your prize text money 2 88600 over £1million to give away ! ppt150x3+normal text rate box403 w1t1jy,spam
"Ok that would b lovely, if u r sure. Think about wot u want to do, drinkin, dancin, eatin, cinema, in, out, about... Up to u! Wot about ?",ham
Don't forget though that I love you .... And I walk beside you. Watching over you and keeping your heart warm.,ham
U should make a fb list,ham
"Not really dude, have no friends i'm afraid :(",ham
Went to pay rent. So i had to go to the bank to authorise the payment.,ham
Wait . I will msg after  &lt;#&gt;  min.,ham
"What's up bruv, hope you had a great break. Do have a rewarding semester.",ham
I'll probably be around mu a lot,ham
Call to the number which is available in appointment. And ask to connect the call to waheed fathima.,ham
O. Guess they both got screwd,ham
This single single answers are we fighting? Plus i said am broke and you didnt reply,ham
I don't know u and u don't know me. Send CHAT to 86688 now and let's find each other! Only 150p/Msg rcvd. HG/Suite342/2Lands/Row/W1J6HL LDN. 18 years or over.,spam
Todays Voda numbers ending 5226 are selected to receive a ?350 award. If you hava a match please call 08712300220 quoting claim code 1131 standard rates app,spam
"How long has it been since you screamed, princess?",ham
"Especially since i talk about boston all up in my personal statement, lol! I woulda changed that if i had realized it said nyc! It says boston now.",ham
"URGENT! You have won a 1 week FREE membership in our £100,000 Prize Jackpot! Txt the word: CLAIM to No: 81010 T&C www.dbuk.net LCCLTD POBOX 4403LDNW1A7RW18",spam
I anything lor...,ham
Great News! Call FREEFONE 08006344447 to claim your guaranteed £1000 CASH or £2000 gift. Speak to a live operator NOW!,spam
Alright took the morphine. Back in yo.,ham
Someone has contacted our dating service and entered your phone because they fancy you! To find out who it is call from a landline 09111032124 . PoBox12n146tf150p,spam
Ok. So april. Cant wait,ham
Did u turn on the heater? The heater was on and set to &lt;#&gt; degrees.,ham
Its on in engalnd! But telly has decided it won't let me watch it and mia and elliot were kissing! Damn it!,ham
"Den only weekdays got special price... Haiz... Cant eat liao... Cut nails oso muz wait until i finish drivin wat, lunch still muz eat wat...",ham
85233 FREE>Ringtone!Reply REAL,spam
He didn't see his shadow. We get an early spring yay,ham
Uhhhhrmm isnt having tb test bad when youre sick,ham
Still i have not checked it da. . .,ham
Many more happy returns of the day. I wish you happy birthday.,ham
"A gram usually runs like  &lt;#&gt; , a half eighth is smarter though and gets you almost a whole second gram for  &lt;#&gt;",ham
Raji..pls do me a favour. Pls convey my Birthday wishes to Nimya. Pls. Today is her birthday.,ham
I'm so in love with you. I'm excited each day i spend with you. You make me so happy.,ham
You have WON a guaranteed £1000 cash or a £2000 prize. To claim yr prize call our customer service representative on 08714712394 between 10am-7pm,spam
"Go until jurong point, crazy.. Available only in bugis n great world la e buffet... Cine there got amore wat...",ham
"Didn't try, g and I decided not to head out",ham
"Only just got this message, not ignoring you. Yes, i was. Shopping that is",ham
&lt;#&gt; ISH MINUTES WAS 5 MINUTES AGO. WTF.,ham
"Short But Cute: ""Be a good person, but dont try to prove it.."" .Gud noon....",ham
WOW! The Boys R Back. TAKE THAT 2007 UK Tour. Win VIP Tickets & pre-book with VIP Club. Txt CLUB to 81303. Trackmarque Ltd info@vipclub4u.,spam
From 5 to 2 only my work timing.,ham
Do you know what Mallika Sherawat did yesterday? Find out now @  &lt;URL&gt;,ham
Just do what ever is easier for you,ham
Wat u doing there?,ham
Will ü b going to esplanade fr home?,ham
Ok i msg u b4 i leave my house.,ham
"Oh yes, why is it like torture watching england?",ham
Pass dis to all ur contacts n see wat u get! Red;i'm in luv wid u. Blue;u put a smile on my face. Purple;u r realy hot. Pink;u r so swt. Orange;i thnk i lyk u. Green;i realy wana go out wid u. Yelow;i wnt u bck. Black;i'm jealous of u. Brown;i miss you Nw plz giv me one color,ham
What's a feathery bowa? Is that something guys have that I don't know about?,ham
Got it! It looks scrumptious... daddy wants to eat you all night long!,ham
Don know..he is watching film in computer..,ham
Ok . . now i am in bus. . If i come soon i will come otherwise tomorrow,ham
Talk to g and x about that,ham
"I'm in solihull, | do you want anything?",ham
"SIX chances to win CASH! From 100 to 20,000 pounds txt> CSH11 and send to 87575. Cost 150p/day, 6days, 16+ TsandCs apply Reply HL 4 info",spam
I think that tantrum's finished so yeah I'll be by at some point,ham
Yup i thk cine is better cos no need 2 go down 2 plaza mah.,ham
Lol! Oops sorry! Have fun.,ham
But really quite funny lor wat... Then u shd haf run shorter distance wat...,ham
Just send a text. We'll skype later.,ham
"Tunji, how's the queen? how are you doing. This is just wishing you a great day. Abiola.",ham
Ok...,ham
"I'm not coming over, do whatever you want",ham
"If you don't, your prize will go to another customer. T&C at www.t-c.biz 18+ 150p/min Polo Ltd Suite 373 London W1J 6HL Please call back if busy",spam
BABE !!! I miiiiiiissssssssss you ! I need you !!! I crave you !!! :-( ... Geeee ... I'm so sad without you babe ... I love you ...,ham
Men like shorter ladies. Gaze up into his eyes.,ham
Hi' Test on  &lt;#&gt; rd ....,ham
I'm working technical support :)voice process.networking field.,ham
"""Thinking of u ;) x""",ham
India have to take lead:),ham
Can not use foreign stamps in this country.,ham
Ha... Both of us doing e same thing. But i got tv 2 watch. U can thk of where 2 go tonight or u already haf smth in mind...,ham
Well keep in mind I've only got enough gas for one more round trip barring a sudden influx of cash,ham
Hai priya are you right. What doctor said pa. Where are you.,ham
Was actually about to send you a reminder today. Have a wonderful weekend,ham
Sary just need Tim in the bollox &it hurt him a lot so he tol me!,ham
Are you there in room.,ham
Ya had just now.onion roast.,ham
I am back. Good journey! Let me know if you need any of the receipts. Shall i tell you like the pendent?,ham
Dear Dave this is your final notice to collect your 4* Tenerife Holiday or #5000 CASH award! Call 09061743806 from landline. TCs SAE Box326 CW25WX 150ppm,spam
Do u konw waht is rael FRIENDSHIP Im gving yuo an exmpel: Jsut ese tihs msg.. Evrey splleing of tihs msg is wrnog.. Bt sitll yuo can raed it wihtuot ayn mitsake.. GOODNIGHT &amp; HAVE A NICE SLEEP..SWEET DREAMS..,ham
"Alright, see you in a bit",ham
You have 1 new voicemail. Please call 08719181513.,spam
"Hi ya babe x u 4goten bout me?' scammers getting smart..Though this is a regular vodafone no, if you respond you get further prem rate msg/subscription. Other nos used also. Beware!",spam
Hi ....My engagement has been fixd on  &lt;#&gt; th of next month. I know its really shocking bt....hmm njan vilikkam....t ws al of a sudn;-(.,ham
"Haha, my friend tyler literally just asked if you could get him a dubsack",ham
But I'm on a diet. And I ate 1 too many slices of pizza yesterday. Ugh I'm ALWAYS on a diet.,ham
I always chat with you. In fact i need money can you raise me?,ham
I've told him that i've returned it. That should i re order it.,ham
You have 1 new voicemail. Please call 08719181503,spam
Except theres a chick with huge boobs.,ham
I went to project centre,ham
I have to take exam with march 3,ham
"""Hi its Kate it was lovely to see you tonight and ill phone you tomorrow. I got to sing and a guy gave me his card! xxx""",ham
So u workin overtime nigpun?,ham
Omg how did u know what I ate?,ham
What year. And how many miles.,ham
Hey i booked the kb on sat already... what other lessons are we going for ah? Keep your sat night free we need to meet and confirm our lodging,ham
"Haha get used to driving to usf man, I know a lot of stoners",ham
C movie is juz last minute decision mah. Juz watch 2 lar but i tot ü not interested.,ham
Someonone you know is trying to contact you via our dating service! To find out who it could be call from your mobile or landline 09064015307 BOX334SK38ch,spam
"Wen ur lovable bcums angry wid u, dnt take it seriously.. Coz being angry is d most childish n true way of showing deep affection, care n luv!.. kettoda manda... Have nice day da.",ham
Are you coming to day for class.,ham
I have 2 docs appointments next week.:/ I'm tired of them shoving stuff up me. Ugh why couldn't I have had a normal body?,ham
Arun can u transfr me d amt,ham
You're right I have now that I think about it,ham
Ladies first and genus second k .,ham
"Okay. No no, just shining on. That was meant to be signing, but that sounds better.",ham
"Yeah hopefully, if tyler can't do it I could maybe ask around a bit",ham
Okay lor... Wah... like that def they wont let us go... Haha... What did they say in the terms and conditions?,ham
Yo chad which gymnastics class do you wanna take? The site says Christians class is full..,ham
"Text82228>> Get more ringtones, logos and games from www.txt82228.com. Questions: info@txt82228.co.uk",spam
Wa... U so efficient... Gee... Thanx...,ham
"* Was a nice day and, impressively, i was sensible, went home early and now feel fine. Or am i just boring?! When's yours, i can't remember.",ham
No..but heard abt tat..,ham
I am in hospital da. . I will return home in evening,ham
"Yeah probably, I still gotta check out with leo",ham
"Urgent Urgent! We have 800 FREE flights to Europe to give away, call B4 10th Sept & take a friend 4 FREE. Call now to claim on 09050000555. BA128NNFWFLY150ppm",spam
No need lar i go engin? Cos my sis at arts today...,ham
He says hi and to get your ass back to south tampa (preferably at a kegger),ham
"Auction round 4. The highest bid is now £54. Next maximum bid is £71. To bid, send BIDS e. g. 10 (to bid £10) to 83383. Good luck.",spam
"Argh my 3g is spotty, anyway the only thing I remember from the research we did was that province and sterling were the only problem-free places we looked at",ham
Haf u eaten? Wat time u wan me 2 come?,ham
Great to hear you are settling well. So what's happenin wit ola?,ham
it's still not working. And this time i also tried adding zeros. That was the savings. The checking is  &lt;#&gt;,ham
K..k.:)congratulation ..,ham
Honey boo I'm missing u.,ham
How much i gave to you. Morning.,ham
Sorry! U can not unsubscribe yet. THE MOB offer package has a min term of 54 weeks> pls resubmit request after expiry. Reply THEMOB HELP 4 more info,spam
Update_Now - 12Mths Half Price Orange line rental: 400mins...Call MobileUpd8 on 08000839402 or call2optout=J5Q,spam
Beautiful truth : Expression of the face could Be seen by everyone... But the depression of heart Could be understood only By the Loved ones.. Gud Ni8;-),ham
Your account has been refilled successfully by INR  &lt;DECIMAL&gt; . Your KeralaCircle prepaid account balance is Rs  &lt;DECIMAL&gt; . Your Transaction ID is KR &lt;#&gt; .,ham
Dear good morning now only i am up,ham
U don't know how stubborn I am. I didn't even want to go to the hospital. I kept telling Mark I'm not a weak sucker. Hospitals are for weak suckers.,ham
I know that my friend already told that.,ham
What was she looking for?,ham
+449071512431 URGENT! This is the 2nd attempt to contact U!U have WON £1250 CALL 09071512433 b4 050703 T&CsBCM4235WC1N3XX. callcost 150ppm mobilesvary. max£7. 50,spam
Lmao you know me so well...,ham
IM GONNAMISSU SO MUCH!!I WOULD SAY IL SEND U A POSTCARD BUTTHERES ABOUTAS MUCH CHANCE OF MEREMEMBERIN ASTHERE IS OFSI NOT BREAKIN HIS CONTRACT!! LUV Yaxx,ham
TaKe CaRE n gET WeLL sOOn,ham
Where in abj are you serving. Are you staying with dad or alone.,ham
Ok lor then we go tog lor...,ham
Sorry . I will be able to get to you. See you in the morning.,ham
K. I will sent it again,ham
WIN a year supply of CDs 4 a store of ur choice worth £500 & enter our £100 Weekly draw txt MUSIC to 87066 Ts&Cs www.Ldew.com.subs16+1win150ppmx3,spam
Booked ticket for pongal?,ham
I (Career Tel) have added u as a contact on INDYAROCKS.COM to send FREE SMS. To remove from phonebook - sms NO to  &lt;#&gt;,ham
I'm home.,ham
They will pick up and drop in car.so no problem..,ham
Ok thanx... Take care then...,ham
Then we wait 4 u lor... No need 2 feel bad lar...,ham
"Brainless Baby Doll..:-D;-), vehicle sariyag drive madoke barolla..",ham
Bugis oso near wat...,ham
Easy ah?sen got selected means its good..,ham
Lmao ok I wont be needing u to do my hair anymore.,ham
FREE entry into our £250 weekly comp just send the word ENTER to 84128 NOW. 18 T&C www.textcomp.com cust care 08712405020.,spam
Kent vale lor... Ü wait 4 me there ar?,ham
At 7 we will go ok na.,ham
Hiya. How was last night? I've been naughty and bought myself clothes and very little ... Ready for more shopping tho! What kind of time do you wanna meet?,ham
Haven't heard anything and he's not answering my texts so I'm guessing he flaked. That said the jb is fantastic,ham
Eh u send wrongly lar...,ham
Dude avatar 3d was imp. At one point i thought there were actually flies in the room and almost tried hittng one as a reflex,ham
"Hack Chat. Get backdoor entry into 121 chat rooms at a fraction of the cost. Reply NEO69 or call 09050280520, to subscribe 25p pm. DPS, Bcm box 8027 Ldn, wc1n3xx",spam
"7 wonders in My WORLD 7th You 6th Ur style 5th Ur smile 4th Ur Personality 3rd Ur Nature 2nd Ur SMS and 1st ""Ur Lovely Friendship""... good morning dear",ham
Its worse if if uses half way then stops. Its better for him to complete it.,ham
"I know where the  &lt;#&gt;  is, I'll be there around 5",ham
Tell me whos this pls:-),ham
Boy; I love u Grl: Hogolo Boy: gold chain kodstini Grl: Agalla Boy: necklace madstini Grl: agalla Boy: Hogli 1 mutai eerulli kodthini! Grl: I love U kano;-),ham
You call him and tell now infront of them. Call him now.,ham
I accidentally deleted the message. Resend please.,ham
Ok... Ur typical reply...,ham
Otherwise had part time job na-tuition..,ham
Usually the person is unconscious that's in children but in adults they may just behave abnormally. I.ll call you now,ham
"I hope your alright babe? I worry that you might have felt a bit desparate when you learned the job was a fake ? I am here waiting when you come back, my love",ham
"Well the general price is  &lt;#&gt; /oz, let me know if/when/how much you want",ham
"Dear Matthew please call 09063440451 from a landline, your complimentary 4*Lux Tenerife holiday or £1000 CASH await collection. ppm150 SAE T&Cs Box334 SK38XH.",spam
Then get some cash together and I'll text jason,ham
2marrow only. Wed at  &lt;#&gt;  to 2 aha.,ham
"Sorry, I'll call later",ham
Ok. Very good. Its all about making that money.,ham
"Hey Boys. Want hot XXX pics sent direct 2 ur phone? Txt PORN to 69855, 24Hrs free and then just 50p per day. To stop text STOPBCM SF WC1N3XX",spam
I'm not. She lip synced with shangela.,ham
"'An Amazing Quote'' - ""Sometimes in life its difficult to decide whats wrong!! a lie that brings a smile or the truth that brings a tear....""",ham
No. On the way home. So if not for the long dry spell the season would have been over,ham
Would me smoking you out help us work through this difficult time,ham
Hurt me... Tease me... Make me cry... But in the end of my life when i die plz keep one rose on my grave and say STUPID I MISS U.. HAVE A NICE DAY BSLVYL,ham
What Today-sunday..sunday is holiday..so no work..,ham
Cool. I am  &lt;#&gt;  inches long. hope you like them big!,ham
"Do you know why god created gap between your fingers..? So that, One who is made for you comes &amp; fills those gaps by holding your hand with LOVE..!",ham
I dont understand your message.,ham
"accordingly. I repeat, just text the word ok on your mobile phone and send",spam
Thanks for picking up the trash.,ham
Then dun wear jeans lor...,ham
"Give her something to drink, if she takes it and doesn't vomit then you her temp might drop. If she unmits however let me know.",ham
This is my number by vivek..,ham
Aiyar sorry lor forgot 2 tell u...,ham
"Nt only for driving even for many reasons she is called BBD..thts it chikku, then hw abt dvg cold..heard tht vinobanagar violence hw is the condition..and hw ru ? Any problem?",ham
I want to be inside you every night...,ham
So how's scotland. Hope you are not over showing your JJC tendencies. Take care. Live the dream,ham
Have your lunch and come quickly and open the door:),ham
Do you know when the result.,ham
Have you started in skye,ham
"Princess, i like to make love  &lt;#&gt;  times per night. Hope thats not a problem!",ham
Hey mr whats the name of that bill brison book the one about language and words,ham
You best watch what you say cause I get drunk as a motherfucker,ham
Enjoy ur life. . Good night,ham
But i'm surprised she still can guess right lor...,ham
Infact happy new year. How are you where are you when are we seeing,ham
I liked your new house,ham
Right it wasnt you who phoned it was someone with a number like yours!,ham
Yes.. now only saw your message..,ham
You are a big chic. Common. Declare,ham
Can you let me know details of fri when u find out cos I'm not in tom or fri. mentionned chinese. Thanks,ham
5 nights...We nt staying at port step liao...Too ex,ham
Thanks for being there for me just to talk to on saturday. You are very dear to me. I cherish having you as a brother and role model.,ham
Thk some of em find wtc too far... Weiyi not goin... E rest i dunno yet... R ur goin 4 dinner den i might b able to join...,ham
You see the requirements please,ham
Should i send you naughty pix? :),ham
Reading gud habit.. Nan bari hudgi yorge pataistha ertini kano:-),ham
What's up. Do you want me to come online?,ham
Ya srsly better than yi tho,ham
"I.ll always be there, even if its just in spirit. I.ll get a bb soon. Just trying to be sure i need it.",ham
"sir, you will receive the account no another 1hr time. Sorry for the delay.",ham
:-( sad puppy noise,ham
No he didn't. Spring is coming early yay!,ham
ZOE IT JUST HIT ME 2 IM FUCKING SHITIN MYSELF IL DEFO TRY MY HARDEST 2 CUM 2MOROW LUV U MILLIONS LEKDOG,ham
2p per min to call Germany 08448350055 from your BT line. Just 2p per min. Check PlanetTalkInstant.com for info & T's & C's. Text stop to opt out,spam
I like to talk pa but am not able to. I dont know y.,ham
My supervisor find 4 me one lor i thk his students. I havent ask her yet. Tell u aft i ask her.,ham
From someone not to smoke when every time I've smoked in the last two weeks is because of you calling or texting me that you wanted to smoke,ham
hi my darlin im on my way to London and we have just been smashed into by another driver! and have a big dent! im really missing u what have u been up to? xxx,ham
Hey... Very inconvenient for your sis a not huh?,ham
"FreeMsg Hey there darling it's been 3 week's now and no word back! I'd like some fun you up for it still? Tb ok! XxX std chgs to send, £1.50 to rcv",spam
Not yet. Just i'd like to keep in touch and it will be the easiest way to do that from barcelona. By the way how ru and how is the house?,ham
S:)8 min to go for lunch:),ham
A £400 XMAS REWARD IS WAITING FOR YOU! Our computer has randomly picked you from our loyal mobile customers to receive a £400 reward. Just call 09066380611,spam
Hi darlin im on helens fone im gonna b up the princes 2 nite please come up tb love Kate,ham
"Yes, my reg is  Ciao!",ham
In fact when do you leave? I think addie goes back to school tues or wed,ham
hows my favourite person today? r u workin hard? couldn't sleep again last nite nearly rang u at 4.30,ham
"Cool, we shall go and see, have to go to tip anyway. Are you at home, got something to drop in later? So lets go to town tonight! Maybe mum can take us in.",ham
I am thinking of going down to reg for pract lessons.. Flung my advance.. Haha wat time u going?,ham
I'm gonna say no. Sorry. I would but as normal am starting to panic about time. Sorry again! Are you seeing on Tuesday?,ham
"Please protect yourself from e-threats. SIB never asks for sensitive information like Passwords,ATM/SMS PIN thru email. Never share your password with anybody.",ham
Me i'm not workin. Once i get job...,ham
I wanted to wish you a Happy New Year and I wanted to talk to you about some legal advice to do with when Gary and I split but in person. I'll make a trip to Ptbo for that. I hope everything is good with you babe and I love ya :),ham
"Carlos is down but I have to pick it up from him, so I'll swing by usf in a little bit",ham
Hi di is yijue we're meeting at 7 pm at esaplanade tonight.,ham
Ill be at yours in about 3 mins but look out for me,ham
Your opinion about me? 1. Over 2. Jada 3. Kusruthi 4. Lovable 5. Silent 6. Spl character 7. Not matured 8. Stylish 9. Simple Pls reply..,ham
cThen i thk shd b enuff.. Still got conclusion n contents pg n references.. I'll b doing da contents pg n cover pg..,ham
LOL what happens in Vegas stays in vegas,ham
I'm in a movie... Collect car oredi...,ham
He needs to stop going to bed and make with the fucking dealing,ham
Future is not what we planned for tomorrow.....! it is the result of what we do today...! Do the best in present... enjoy the future.,ham
"When I was born, GOD said, ""Oh No! Another IDIOT"". When you were born, GOD said, ""OH No! COMPETITION"". Who knew, one day these two will become FREINDS FOREVER!",ham
Feel like trying kadeem again? :V,ham
HI BABE U R MOST LIKELY TO BE IN BED BUT IM SO SORRY ABOUT TONIGHT! I REALLY WANNA SEE U TOMORROW SO CALL ME AT 9. LOVE ME XXX,ham
We have new local dates in your area - Lots of new people registered in YOUR AREA. Reply DATE to start now! 18 only www.flirtparty.us REPLYS150,spam
Hard LIVE 121 chat just 60p/min. Choose your girl and connect LIVE. Call 09094646899 now! Cheap Chat UK's biggest live service. VU BCM1896WC1N3XX,spam
Panasonic & BluetoothHdset FREE. Nokia FREE. Motorola FREE & DoubleMins & DoubleTxt on Orange contract. Call MobileUpd8 on 08000839402 or call 2optout,spam
18 days to Euro2004 kickoff! U will be kept informed of all the latest news and results daily. Unsubscribe send GET EURO STOP to 83222.,spam
Hmm. Shall i bring a bottle of wine to keep us amused? Just joking! I'll still bring a bottle. Red or white? See you tomorrow,ham
Juz go google n search 4 qet...,ham
"Friendship is not a game to play, It is not a word to say, It doesn\'t start on March and ends on May, It is tomorrow, yesterday, today and e",ham
What do u want when i come back?.a beautiful necklace as a token of my heart for you.thats what i will give but ONLY to MY WIFE OF MY LIKING.BE THAT AND SEE..NO ONE can give you that.dont call me.i will wait till i come.,ham
08714712388 between 10am-7pm Cost 10p,spam
No dear i was sleeping :-P,ham
"Sorry light turned green, I meant another friend wanted  &lt;#&gt;  worth but he may not be around",ham
Lol boo I was hoping for a laugh,ham
i am seeking a lady in the street and a freak in the sheets. Is that you?,ham
"I love you !!! You know? Can you feel it? Does it make your belly warm? I wish it does, my love ... I shall meet you in your dreams, Ahmad ... *adoring kiss*",ham
Yeah so basically any time next week you can get away from your mom &amp; get up before 3,ham
Really good:)dhanush rocks once again:),ham
I cant pick the phone right now. Pls send a message,ham
I am hot n horny and willing I live local to you - text a reply to hear strt back from me 150p per msg Netcollex LtdHelpDesk: 02085076972 reply Stop to end,spam
"My fri ah... Okie lor,goin 4 my drivin den go shoppin after tt...",ham
yay! finally lol. i missed our cinema trip last week :-(,ham
K..i deleted my contact that why?,ham
His bday real is in april .,ham
ALSO TELL HIM I SAID HAPPY BIRTHDAY,ham
I thk 530 lor. But dunno can get tickets a not. Wat u doing now?,ham
Whom you waited for yesterday,ham
"New Theory: Argument wins d SITUATION, but loses the PERSON. So dont argue with ur friends just.. . . . kick them &amp; say, I'm always correct.!",ham
I know you are. Can you pls open the back?,ham
"I av a new number,  . Wil u only use this one,ta.",ham
URGENT! Your Mobile number has been awarded with a £2000 prize GUARANTEED. Call 09061790121 from land line. Claim 3030. Valid 12hrs only 150ppm,spam
Whatsup there. Dont u want to sleep,ham
A bloo bloo bloo I'll miss the first bowl,ham
"The sign of maturity is not when we start saying big things.. But actually it is, when we start understanding small things... *HAVE A NICE EVENING* BSLVYL",ham
Did you see that film:),ham
You've always been the brainy one.,ham
She.s good. She was wondering if you wont say hi but she.s smiling now. So how are you coping with the long distance,ham
"She said,'' do u mind if I go into the bedroom for a minute ? '' ''OK'', I sed in a sexy mood. She came out 5 minuts latr wid a cake...n My Wife,",ham
Takin a shower now but yeah I'll leave when I'm done,ham
No. But we'll do medical missions to nigeria,ham
You said to me before i went back to bed that you can't sleep for anything.,ham
"That's cool, I'll come by like  &lt;#&gt; ish",ham
Good Morning plz call me sir,ham
Where are the garage keys? They aren't on the bookshelf,ham
En chikku nange bakra msg kalstiya..then had tea/coffee?,ham
"No we put party 7 days a week and study lightly, I think we need to draw in some custom checkboxes so they know we're hardcore",ham
I though we shd go out n have some fun so bar in town or something – sound ok?,ham
"Yo carlos, a few friends are already asking me about you, you working at all this weekend?",ham
I am in a marriage function,ham
Still in the area of the restaurant. Ill try to come back soon,ham
Hi! You just spoke to MANEESHA V. We'd like to know if you were satisfied with the experience. Reply Toll Free with Yes or No.,ham
Only once then after ill obey all yours.,ham
Understand. his loss is my gain :) so do you work? School?,ham
No. I.ll meet you in the library,ham
You do your studies alone without anyones help. If you cant no need to study.,ham
Anything lar then ü not going home 4 dinner?,ham
"Wait, do you know if wesleys in town? I bet she does hella drugs!",ham
"Customer place, i wil cal u sir.",ham
Dare i ask... Any luck with sorting out the car?,ham
"&lt;#&gt; %of pple marry with their lovers... becz they hav gud undrstndng dat avoids problems. i sent dis 2 u, u wil get gud news on friday by d person you like. And tomorrow will be the best day of your life. Dont break this chain. If you break you will suffer. send this to  &lt;#&gt;  frnds in &lt;#&gt;  mins whn u read...",ham
I am going to film 2day da. At 6pm. Sorry da.,ham
I couldn't say no as he is a dying man and I feel sad for him so I will go and I just wanted you to know I would probably be gone late into your night,ham
Love it! The girls at the office may wonder why you are smiling but sore...,ham
Ü mean it's confirmed... I tot they juz say oni... Ok then...,ham
Fyi I'm gonna call you sporadically starting at like  &lt;#&gt;  bc we are not not doin this shit,ham
"Haha awesome, I might need to take you up on that, what you doin tonight?",ham
Gam gone after outstanding innings.,ham
Indeed and by the way it was either or - not both !,ham
&lt;#&gt;  w jetton ave if you forgot,ham
Ugh hopefully the asus ppl dont randomly do a reformat.,ham
important information 4 orange user . today is your lucky day!2find out why log onto http://www.urawinner.com THERE'S A FANTASTIC SURPRISE AWAITING YOU!,spam
YOU HAVE WON! As a valued Vodafone customer our computer has picked YOU to win a £150 prize. To collect is easy. Just call 09061743386,spam
Good Morning my Dear Shijutta........... Have a great &amp; successful day.,ham
YOU HAVE WON! As a valued Vodafone customer our computer has picked YOU to win a £150 prize. To collect is easy. Just call 09061743386,spam
"Hi, Mobile no.  &lt;#&gt;  has added you in their contact list on www.fullonsms.com It s a great place to send free sms to people For more visit fullonsms.com",ham
"""The world suffers a lot... Not because of the violence of bad people. But because of the silence of good people!"", Gud night....",ham
"Sorry, I'll call later",ham
Then she buying today? Ü no need to c meh...,ham
"1000's flirting NOW! Txt GIRL or BLOKE & ur NAME & AGE, eg GIRL ZOE 18 to 8007 to join and get chatting!",spam
"I've got ten bucks, jay is being noncomittal",ham
Give me a sec to think think about it,ham
I am on the way to ur home,ham
I'm meeting Darren...,ham
Lmao!nice 1,ham
If u sending her home first it's ok lor. I'm not ready yet.,ham
"No my blankets are sufficient, thx",ham
Natalie (20/F) is inviting you to be her friend. Reply YES-165 or NO-165 See her: www.SMS.ac/u/natalie2k9 STOP? Send STOP FRND to 62468,spam
Have you had a good day? Mine was really busy are you up to much tomorrow night?,ham
Yes. Rent is very expensive so its the way we save.,ham
Hey i will be really pretty late... You want to go for the lesson first? I will join you. I'm only reaching tp mrt,ham
Happy birthday... May u find ur prince charming soon n dun work too hard...,ham
"Your free ringtone is waiting to be collected. Simply text the password ""MIX"" to 85069 to verify. Get Usher and Britney. FML, PO Box 5249, MK17 92H. 450Ppw 16",spam
Guai... Ü shd haf seen him when he's naughty... Ü so free today? Can go jogging...,ham
"Fighting with the world is easy, u either win or lose bt fightng with some1 who is close to u is dificult if u lose - u lose if u win - u still lose.",ham
Where u been hiding stranger?,ham
Dont worry. I guess he's busy.,ham
SO IS TH GOWER MATE WHICH IS WHERE I AM!?! HOW R U MAN? ALL IS GOOD IN WALES ILL B BACK MORROW. C U THIS WK? WHO WAS THE MSG 4?  RANDOM!,ham
U don't remember that old commercial?,ham
Probably gonna swing by in a wee bit,ham
Its sunny in california. The weather's just cool,ham
great princess! I love giving and receiving oral. Doggy style is my fave position. How about you? I enjoy making love  &lt;#&gt;  times per night :),ham
That's the way you should stay oh.,ham
"Aight that'll work, thanks",ham
"Me, i dont know again oh",ham
Well I might not come then...,ham
PRIVATE! Your 2003 Account Statement for 078,spam
Wat time ü wan today?,ham
Can i meet ü at 5.. As 4 where depends on where ü wan 2 in lor..,ham
Good. No swimsuit allowed :),ham
Tessy..pls do me a favor. Pls convey my birthday wishes to Nimya..pls dnt forget it. Today is her birthday Shijas,ham
This pay is  &lt;DECIMAL&gt;  lakhs:),ham
How do you guys go to see movies on your side.,ham
Get the official ENGLAND poly ringtone or colour flag on yer mobile for tonights game! Text TONE or FLAG to 84199. Optout txt ENG STOP Box39822 W111WX £1.50,spam
"Thank you so much. When we skyped wit kz and sura, we didnt get the pleasure of your company. Hope you are good. We've given you ultimatum oh! We are countin down to aburo. Enjoy!",ham
"K, want us to come by now?",ham
"Forgot you were working today! Wanna chat, but things are ok so drop me a text when you're free / bored etc and i'll ring. Hope all is well, nose essay and all xx",ham
"Best msg: It's hard to be with a person, when u know that one more step foward will make u fall in love.. &amp; One step back can ruin ur friendship.. good night:-) ...",ham
I uploaded mine to Facebook,ham
Just wait till end of march when el nino gets himself. Oh.,ham
Sry da..jst nw only i came to home..,ham
"Sorry, I can't help you on this.",ham
Ok...,ham
Does not operate after  &lt;#&gt;  or what,ham
Was the farm open?,ham
I can ask around but there's not a lot in terms of mids up here,ham
What does the dance river do?,ham
K.:)you are the only girl waiting in reception ah?,ham
What???? Hello wats talks email address?,ham
Dear how you. Are you ok?,ham
Oh unintentionally not bad timing. Great. Fingers  the trains play along! Will give fifteen min warning.,ham
Your account has been refilled successfully by INR  &lt;DECIMAL&gt; . Your KeralaCircle prepaid account balance is Rs  &lt;DECIMAL&gt; . Your Transaction ID is KR &lt;#&gt; .,ham
Nope but i'll b going 2 sch on fri quite early lor cos mys sis got paper in da morn :-),ham
"FreeMsg Hey U, i just got 1 of these video/pic fones, reply WILD to this txt & ill send U my pics, hurry up Im so bored at work xxx (18 150p/rcvd STOP2stop)",spam
"God picked up a flower and dippeditinaDEW, lovingly touched itwhichturnedinto u, and the he gifted tomeandsaid,THIS FRIEND IS 4U",ham
The whole car appreciated the last two! Dad and are having a map reading semi argument but apart from that things are going ok. P.,ham
"A bit of Ur smile is my hppnss, a drop of Ur tear is my sorrow, a part of Ur heart is my life, a heart like mine wil care for U, forevr as my GOODFRIEND",ham
Lol well don't do it without me. We could have a big sale together.,ham
i felt so...not any conveying reason.. Ese he... What about me?,ham
Do well :)all will for little time. Thing of good times ahead:,ham
"""YEH I AM DEF UP4 SOMETHING SAT,JUST GOT PAYED2DAY & I HAVBEEN GIVEN A£50 PAY RISE 4MY WORK & HAVEBEEN MADE PRESCHOOLCO-ORDINATOR 2I AM FEELINGOOD LUV""",ham
Free tones Hope you enjoyed your new content. text stop to 61610 to unsubscribe. help:08712400602450p Provided by tones2you.co.uk,spam
Its a part of checking IQ,ham
I think chennai well settled?,ham
"I hav almost reached. Call, i m unable to connect u.",ham
K...k...yesterday i was in cbe .,ham
I don't know jack shit about anything or i'd say/ask something helpful but if you want you can pretend that I did and just text me whatever in response to the hypotheticalhuagauahahuagahyuhagga,ham
"""OH FUCK. JUSWOKE UP IN A BED ON A BOATIN THE DOCKS. SLEPT WID 25 YEAR OLD. SPINOUT! GIV U DA GOSSIP L8R. XXX""",ham
I doubt you could handle 5 times per night in any case...,ham
U have a Secret Admirer who is looking 2 make contact with U-find out who they R*reveal who thinks UR so special-call on 09065171142-stopsms-08,spam
How abt making some of the pics bigger?,ham
"Short But Cute: ""Be a good person, but dont try to prove it.."" .Gud noon....",ham
"I guess you could be as good an excuse as any, lol.",ham
R we going with the  &lt;#&gt;  bus?,ham
Ok can...,ham
"Babe! How goes that day ? What are you up to ? I miss you already, my Love ... * loving kiss* ... I hope everything goes well.",ham
Ard 515 like dat. Y?,ham
"Garbage bags, eggs, jam, bread, hannaford wheat chex",ham
"Yo, you around? Just got my car back",ham
Ü only send me the contents page...,ham
Ok. I asked for money how far,ham
<Forwarded from 21870000>Hi - this is your Mailbox Messaging SMS alert. You have 40 matches. Please call back on 09056242159 to retrieve your messages and matches cc100p/min,spam
Ur cash-balance is currently 500 pounds - to maximize ur cash-in now send GO to 86688 only 150p/meg. CC: 08718720201 HG/Suite342/2lands Row/W1j6HL,spam
"Imagine you finally get to sink into that bath after I have put you through your paces, maybe even having you eat me for a while before I left ... But also imagine the feel of that cage on your cock surrounded by the bath water, reminding you always who owns you ... Enjoy, my cuck",ham
Nope but i'm going home now then go pump petrol lor... Like going 2 rain soon...,ham
"Wa, ur openin sentence very formal... Anyway, i'm fine too, juz tt i'm eatin too much n puttin on weight...Haha... So anythin special happened?",ham
Dunno lei... I thk mum lazy to go out... I neva ask her yet...,ham
Oh k. . I will come tomorrow,ham
Gudnite....tc...practice going on,ham
What type of stuff do you sing?,ham
Thankyou so much for the call. I appreciate your care.,ham
If you're not in my car in an hour and a half I'm going apeshit,ham
Call me when u finish then i come n pick u.,ham
Also remember to get dobby's bowl from your car,ham
Usually the body takes care of it buy making sure it doesnt progress. Can we pls continue this talk on saturday.,ham
Text BANNEDUK to 89555 to see! cost 150p textoperator g696ga 18+ XXX,spam
Natalja (25/F) is inviting you to be her friend. Reply YES-440 or NO-440 See her: www.SMS.ac/u/nat27081980 STOP? Send STOP FRND to 62468,spam
So wats ur opinion abt him and how abt is character?,ham
Then u better go sleep.. Dun disturb u liao.. U wake up then msg me lor..,ham
Can a not?,ham
If I was I wasn't paying attention,ham
Oh ok wait 4 me there... My lect havent finish,ham
They did't play one day last year know even though they have very good team.. Like india.,ham
Dear we got  &lt;#&gt;  dollars hi hi,ham
"Thanks da thangam, i feel very very happy dear. I also miss you da.",ham
excellent. I spent  &lt;#&gt;  years in the Air Force. Iraq and afghanistan. I am stable and honest. do you like traveling?,ham
DO NOT B LATE LOVE MUM,ham
Lol I know! They're so dramatic. Schools already closed for tomorrow. Apparently we can't drive in the inch of snow were supposed to get.,ham
You are being ripped off! Get your mobile content from www.clubmoby.com call 08717509990 poly/true/Pix/Ringtones/Games six downloads for only 3,spam
"Yes..but they said its IT.,",ham
I am great princess! What are you thinking about me? :),ham
Mmmm ... Fuck ... Not fair ! You know my weaknesses ! *grins* *pushes you to your knee's* *exposes my belly and pulls your head to it* Don't forget ... I know yours too *wicked smile*,ham
Then any special there?,ham
R u sure they'll understand that! Wine * good idea just had a slurp!,ham
Wow didn't think it was that common. I take it all back ur not a freak! Unless u chop it off:-),ham
Mm have some kanji dont eat anything heavy ok,ham
"HI HUN! IM NOT COMIN 2NITE-TELL EVERY1 IM SORRY 4 ME, HOPE U AVA GOODTIME!OLI RANG MELNITE IFINK IT MITE B SORTED,BUT IL EXPLAIN EVERYTHIN ON MON.L8RS.x",ham
We are supposed to meet to discuss abt our trip... Thought xuhui told you? In the afternoon. Thought we can go for lesson after that,ham
"Sorry about earlier. Putting out fires.Are you around to talk after 9? Or do you actually have a life, lol!",ham
How r ü going to send it to me?,ham
It vl bcum more difficult..,ham
Why you keeping me away like this,ham
Cant think of anyone with * spare room off * top of my head,ham
You have won a guaranteed £200 award or even £1000 cashto claim UR award call free on 08000407165 (18+) 2 stop getstop on 88222 PHP. RG21 4JX,spam
"Babe! I fucking love you too !! You know? Fuck it was so good to hear your voice. I so need that. I crave it. I can't get enough. I adore you, Ahmad *kisses*",ham
Buzzzz! *grins* Did I buzz your ass? Buzz your chest ? Buzz your cock ? Where do you keep your phone ? Is the vibrator on ? Did you feel it shake ?,ham
Ummmmmaah Many many happy returns of d day my dear sweet heart.. HAPPY BIRTHDAY dear,ham
Free video camera phones with Half Price line rental for 12 mths and 500 cross ntwk mins 100 txts. Call MobileUpd8 08001950382 or Call2OptOut/674,spam
OK i'm waliking ard now... Do u wan me 2 buy anything go ur house?,ham
He says hi and to get your ass back to south tampa (preferably at a kegger),ham
Hey they r not watching movie tonight so i'll prob b home early...,ham
I hope you that's the result of being consistently intelligent and kind. Start asking him about practicum links and keep your ears open and all the best. ttyl,ham
Ugh fuck it I'm resubbing to eve,ham
Babes I think I got ur brolly I left it in English wil bring it in 2mrw 4 u luv Franxx,ham
Sad story of a Man - Last week was my b'day. My Wife did'nt wish me. My Parents forgot n so did my Kids . I went to work. Even my Colleagues did not wish.,ham
Quite lor. But dun tell him wait he get complacent...,ham
As per your request 'Melle Melle (Oru Minnaminunginte Nurungu Vettam)' has been set as your callertune for all Callers. Press *9 to copy your friends Callertune,ham
"Just looked it up and addie goes back Monday, sucks to be her",ham
Everybody had fun this evening. Miss you.,ham
I know! Grumpy old people. My mom was like you better not be lying. Then again I am always the one to play jokes...,ham
"I'm outside islands, head towards hard rock and you'll run into me",ham
This phone has the weirdest auto correct.,ham
Thanks  and ! Or bomb and date as my phone wanted to say!,ham
That's y we haf to combine n c how lor...,ham
Are you angry with me. What happen dear,ham
Please call our customer service representative on 0800 169 6031 between 10am-9pm as you have WON a guaranteed £1000 cash or £5000 prize!,spam
Glad to see your reply.,ham
Ok i shall talk to him,ham
"And that's fine, I got enough bud to last most of the night at least",ham
22 days to kick off! For Euro2004 U will be kept up to date with the latest news and results daily. To be removed send GET TXT STOP to 83222,spam
"""BOO BABE! U ENJOYIN YOURJOB? U SEEMED 2 B GETTIN ON WELL HUNNY!HOPE URE OK?TAKE CARE & ILLSPEAK 2U SOONLOTS OF LOVEME XXXX.""",ham
Btw regarding that we should really try to see if anyone else can be our 4th guy before we commit to a random dude,ham
Shall i ask one thing if you dont mistake me.,ham
"1) Go to write msg 2) Put on Dictionary mode 3)Cover the screen with hand, 4)Press  &lt;#&gt; . 5)Gently remove Ur hand.. Its interesting..:)",ham
Then she dun believe wat?,ham
Meeting u is my work. . . Tel me when shall i do my work tomorrow,ham
Today is ACCEPT DAY..U Accept me as? Brother Sister Lover Dear1 Best1 Clos1 Lvblefrnd Jstfrnd Cutefrnd Lifpartnr Belovd Swtheart Bstfrnd No rply means enemy,ham
Don't make life too stressfull.. Always find time to Laugh.. It may not add years to your Life! But surely adds more life to ur years!! Gud ni8..swt dreams..,ham
Yar lor actually we quite fast... Cos da ge slow wat... Haha...,ham
"Sorry, I can't help you on this.",ham
"Honey ? Sweetheart ? Darling ? Sexy buns ? Sugar plum ? Loverboy ? I miss you, boytoy ... *smacks your ass* Did you go to the gym too ?",ham
"Sorry, I'll call later",ham
network operator. The service is free. For T & C's visit 80488.biz,spam
"Last Chance! Claim ur £150 worth of discount vouchers today! Text SHOP to 85023 now! SavaMob, offers mobile! T Cs SavaMob POBOX84, M263UZ. £3.00 Sub. 16",spam
Don know..wait i will check it.,ham
Lol I was gonna last month. I cashed some in but I left &lt;#&gt; just in case. I was collecting more during the week cause they announced it on the blog.,ham
Ok no prob... I'll come after lunch then...,ham
U really pig leh sleep so much. My dad wake me up at 10 smth 2 eat lunch today.,ham
Are you not around or just still asleep? :V,ham
"Dont pack what you can buy at any store.like cereals. If you must pack food, pack gari or something 9ja that you will miss.",ham
Spending new years with my brother and his family. Lets plan to meet next week. Are you ready to be spoiled? :),ham
"My friend, she's studying at warwick, we've planned to go shopping and to concert tmw, but it may be canceled, havn't seen  for ages, yeah we should get together sometime!",ham
"House-Maid is the murderer, coz the man was murdered on  &lt;#&gt; th January.. As public holiday all govt.instituitions are closed,including post office..understand?",ham
"I get out of class in bsn in like  &lt;#&gt;  minutes, you know where advising is?",ham
"Yo, any way we could pick something up tonight?",ham
(Bank of Granite issues Strong-Buy) EXPLOSIVE PICK FOR OUR MEMBERS *****UP OVER 300% *********** Nasdaq Symbol CDGT That is a $5.00 per..,spam
Sorry sent blank msg again. Yup but trying 2 do some serious studying now.,ham
I'm stuck in da middle of da row on da right hand side of da lt...,ham
So is there anything specific I should be doing with regards to jaklin or what because idk what the fuck,ham
I am back. Bit long cos of accident on a30. Had to divert via wadebridge.I had a brilliant weekend thanks. Speak soon. Lots of love,ham
Shopping? Eh ger i toking abt syd leh...Haha,ham
"&lt;#&gt;  is fast approaching. So, Wish u a very Happy New Year Happy Sankranti Happy republic day Happy Valentines Day Happy Shivratri Happy Ugadi Happy Fools day Happy May Day Happy Independence Day, Happy Friendship,Mother,Father,Teachers,Childrens Day, &amp; HAPPY BIRTHDAY 4 U. Happy Ganesh festival Happy Dasara Happy Diwali Happy Christmas  &lt;#&gt;  Good Mornings Afternoons, Evenings Nights. RememberI AM the first to WISHING U ALL THESE...your's Raj",ham
You in your room? I need a few,ham
Dear umma she called me now :-),ham
You were supposed to wake ME up &gt;:(,ham
I'm reaching home in 5 min.,ham
Ok c ü then.,ham
I am late. I will be there at,ham
One small prestige problem now.,ham
"Yes but i dont care! I need you bad, princess!",ham
Urgent Ur £500 guaranteed award is still unclaimed! Call 09066368327 NOW closingdate04/09/02 claimcode M39M51 £1.50pmmorefrommobile2Bremoved-MobyPOBox734LS27YF,spam
So ü pay first lar... Then when is da stock comin...,ham
"Mon okie lor... Haha, best is cheap n gd food la, ex oso okie... Depends on whether wana eat western or chinese food... Den which u prefer...",ham
"Poyyarikatur,kolathupalayam,unjalur post,erode dis, &lt;#&gt; .",ham
"Latest Nokia Mobile or iPOD MP3 Player +£400 proze GUARANTEED! Reply with: WIN to 83355 now! Norcorp Ltd.£1,50/Mtmsgrcvd18+",spam
"Usf I guess, might as well take 1 car",ham
How. Its a little difficult but its a simple way to enter this place,ham
Another month. I need chocolate weed and alcohol.,ham
Tell them no need to investigate about me anywhere.,ham
Am slow in using biola's fne,ham
Nothing but we jus tot u would ask cos u ba gua... But we went mt faber yest... Yest jus went out already mah so today not going out... Jus call lor...,ham
This message is from a great Doctor in India:-): 1) Do not drink APPY FIZZ. It contains Cancer causing age,ham
Yep. I do like the pink furniture tho.,ham
I'm ok wif it cos i like 2 try new things. But i scared u dun like mah. Cos u said not too loud.,ham
U repeat e instructions again. Wat's e road name of ur house?,ham
What happen to her tell the truth,ham
"I call you later, don't have network. If urgnt, sms me.",ham
Ok then i'll let him noe later n ask him call u tmr...,ham
I wish u were here. I feel so alone,ham
"Sorry da thangam, very very sorry i am held up with prasad.",ham
....photoshop makes my computer shut down.,ham
Otherwise had part time job na-tuition..,ham
LOOK AT THE FUCKIN TIME. WHAT THE FUCK YOU THINK IS UP,ham
Later i guess. I needa do mcat study too.,ham
"Get the door, I'm here",ham
Ok Chinese food on its way. When I get fat you're paying for my lipo.,ham
"Yar lor he wan 2 go c horse racing today mah, so eat earlier lor. I ate chicken rice. U?",ham
Ron say fri leh. N he said ding tai feng cant make reservations. But he said wait lor.,ham
Let me know if you need anything else. Salad or desert or something... How many beers shall i get?,ham
Wat r u doing now?,ham
Your right! I'll make the appointment right now.,ham
"Customer service announcement. We recently tried to make a delivery to you but were unable to do so, please call 07099833605 to re-schedule. Ref:9280114",spam
"Oh fine, I'll be by tonight",ham
NEFT Transaction with reference number  &lt;#&gt;  for Rs. &lt;DECIMAL&gt;  has been credited to the beneficiary account on  &lt;#&gt;  at  &lt;TIME&gt; : &lt;#&gt;,ham
I have lost 10 kilos as of today!,ham
Anytime lor...,ham
CHEERS LOU! YEAH WAS A GOODNITE SHAME U NEVA CAME! C YA GAILxx,ham
Mystery solved! Just opened my email and he's sent me another batch! Isn't he a sweetie,ham
Why don't you go tell your friend you're not sure you want to live with him because he smokes too much then spend hours begging him to come smoke,ham
Free entry in 2 a weekly comp for a chance to win an ipod. Txt POD to 80182 to get entry (std txt rate) T&C's apply 08452810073 for details 18+,spam
Dear i am not denying your words please,ham
It's ok i noe u're busy but i'm really too bored so i msg u. I oso dunno wat colour she choose 4 me one.,ham
So u gonna get deus ex?,ham
R u still working now?,ham
Want explicit SEX in 30 secs? Ring 02073162414 now! Costs 20p/min,spam
"Single line with a big meaning::::: ""Miss anything 4 ur ""Best Life"" but, don't miss ur best life for anything... Gud nyt...",ham
Yes:)from last week itself i'm taking live call.,ham
Nope. Meanwhile she talk say make i greet you.,ham
Anything lor if they all go then i go lor...,ham
"G says you never answer your texts, confirm/deny",ham
Lol where do u come up with these ideas?,ham
"Nope, I'm still in the market",ham
I'm gonna rip out my uterus.,ham
"Nice. Wait...should you be texting right now? I'm not gonna pay your ticket, ya know!",ham
Which is weird because I know I had it at one point,ham
BIG BROTHER ALERT! The computer has selected u for 10k cash or #150 voucher. Call 09064018838. NTT PO Box CRO1327 18+ BT Landline Cost 150ppm mobiles vary,spam
You are now unsubscribed all services. Get tons of sexy babes or hunks straight to your phone! go to http://gotbabes.co.uk. No subscriptions.,spam
I know you are serving. I mean what are you doing now.,ham
"Love isn't a decision, it's a feeling. If we could decide who to love, then, life would be much simpler, but then less magical",ham
An excellent thought by a misundrstud frnd: I knw u hate me bt the day wen u'll knw the truth u'll hate urself:-( Gn:-),ham
I agree. So i can stop thinkin about ipad. Can you please ask macho the same question.,ham
"Yup, no need. I'll jus wait 4 e rain 2 stop.",ham
"K, wen ur free come to my home and also tel vikky i hav sent mail to him also.. Better come evening il be free today aftr 6pm..:-)",ham
Hey darlin.. i can pick u up at college if u tell me wen & where 2 mt.. love Pete xx,ham
"My Parents, My Kidz, My Friends n My Colleagues. All screaming.. SURPRISE !! and I was waiting on the sofa.. ... ..... ' NAKED...!",ham
Play w computer? Aiyah i tok 2 u lor?,ham
"Aight, sounds good. When do you want me to come down?",ham
CALL 09090900040 & LISTEN TO EXTREME DIRTY LIVE CHAT GOING ON IN THE OFFICE RIGHT NOW TOTAL PRIVACY NO ONE KNOWS YOUR [sic] LISTENING 60P MIN 24/7MP 0870753331018+,spam
Block Breaker now comes in deluxe format with new features and great graphics from T-Mobile. Buy for just £5 by replying GET BBDELUXE and take the challenge,spam
I'm still pretty weak today .. Bad day ?,ham
Apo all other are mokka players only,ham
Pathaya enketa maraikara pa',ham
HEY GIRL. HOW R U? HOPE U R WELL ME AN DEL R BAK! AGAIN LONG TIME NO C! GIVE ME A CALL SUM TIME FROM LUCYxx,ham
Ok i am on the way to railway,ham
Quite late lar... Ard 12 anyway i wun b drivin...,ham
U sick still can go shopping?,ham
Stupid.its not possible,ham
Well done ENGLAND! Get the official poly ringtone or colour flag on yer mobile! text TONE or FLAG to 84199 NOW! Opt-out txt ENG STOP. Box39822 W111WX £1.50,spam
Sac needs to carry on:),ham
XMAS Prize draws! We are trying to contact U. Todays draw shows that you have won a £2000 prize GUARANTEED. Call 09058094565 from land line. Valid 12hrs only,spam
Had your mobile 11mths ? Update for FREE to Oranges latest colour camera mobiles & unlimited weekend calls. Call Mobile Upd8 on freefone 08000839402 or 2StopTx,spam
"Oh my god! I've found your number again! I'm so glad, text me back xafter this msgs cst std ntwk chg £1.50",spam
You have got tallent but you are wasting.,ham
LOL that would be awesome payback.,ham
Saw Guys and Dolls last night with Patrick Swayze it was great,ham
Goodo! Yes we must speak friday - egg-potato ratio for tortilla needed!,ham
"FREE RINGTONE text FIRST to 87131 for a poly or text GET to 87131 for a true tone! Help? 0845 2814032 16 after 1st free, tones are 3x£150pw to e£nd txt stop",spam
goldviking (29/M) is inviting you to be his friend. Reply YES-762 or NO-762 See him: www.SMS.ac/u/goldviking STOP? Send STOP FRND to 62468,spam
X course it 2yrs. Just so her messages on messenger lik you r sending me,ham
You have been specially selected to receive a 2000 pound award! Call 08712402050 BEFORE the lines close. Cost 10ppm. 16+. T&Cs apply. AG Promo,spam
K I'll be there before 4.,ham
I want to tell you how bad I feel that basically the only times I text you lately are when I need drugs,ham
Unlimited texts. Limited minutes.,ham
Dad went out oredi...,ham
"This is the 2nd time we have tried 2 contact u. U have won the £750 Pound prize. 2 claim is easy, call 087187272008 NOW1! Only 10p per minute. BT-national-rate.",spam
Dear we are going to our rubber place,ham
As per your request 'Maangalyam (Alaipayuthe)' has been set as your callertune for all Callers. Press *9 to copy your friends Callertune,ham
I don't know u and u don't know me. Send CHAT to 86688 now and let's find each other! Only 150p/Msg rcvd. HG/Suite342/2Lands/Row/W1J6HL LDN. 18 years or over.,spam
K.k.this month kotees birthday know?,ham
"I promise to take good care of you, princess. I have to run now. Please send pics when you get a chance. Ttyl!",ham
Was the actual exam harder than NBME,ham
Think you sent the text to the home phone. That cant display texts. If you still want to send it his number is,ham
You have won a Nokia 7250i. This is what you get when you win our FREE auction. To take part send Nokia to 86021 now. HG/Suite342/2Lands Row/W1JHL 16+,spam
"The house is on the water with a dock, a boat rolled up with a newscaster who dabbles in jazz flute behind the wheel",ham
Dont show yourself. How far. Put new pictures up on facebook.,ham
"And stop wondering ""wow is she ever going to stop tm'ing me ?!"" because I will tm you whenever I want because you are MINE ... *laughs*",ham
Kay... Since we are out already,ham
What i mean is do they come chase you out when its over or is it stated you can watch as many movies as you want.,ham
Monthly password for wap. mobsi.com is 391784. Use your wap phone not PC.,spam
"Theoretically yeah, he could be able to come",ham
Tell your friends what you plan to do on Valentines day @ &lt;URL&gt;,ham
Don't look back at the building because you have no coat and i don't want you to get more sick. Just hurry home and wear a coat to the gym!!!,ham
What time. I‘m out until prob 3 or so,ham
What happened to our yo date?,ham
Nope i'm not drivin... I neva develop da photos lei...,ham
"Congrats! 2 mobile 3G Videophones R yours. call 09061744553 now! videochat wid ur mates, play java games, Dload polyH music, noline rentl. bx420. ip4. 5we. 150pm",spam
The 2 oz guy is being kinda flaky but one friend is interested in picking up $ &lt;#&gt;  worth tonight if possible,ham
I send the print  outs da.,ham
Ok ill tell the company,ham
"We made it! Eta at taunton is 12:30 as planned, hope that‘s still okday?! Good to see you! :-xx",ham
PRIVATE! Your 2003 Account Statement for shows 800 un-redeemed S. I. M. points. Call 08719899230 Identifier Code: 41685 Expires 07/11/04,spam
todays vodafone numbers ending with 0089(my last four digits) are selected to received a £350 award. If your number matches please call 09063442151 to claim your £350 award,spam
I want to be there so i can kiss you and feel you next to me,ham
"'Wnevr i wana fal in luv vth my books, My bed fals in luv vth me..!'' . Yen madodu, nav pretsorginta, nammanna pretsovru important alwa....!!:) Gud eveB-).",ham
How? Izzit still raining?,ham
Me fine..absolutly fine,ham
Ok... Sweet dreams...,ham
"By the way, make sure u get train to worc foregate street not shrub hill. Have fun night x",ham
Sorry I missed your call let's talk when you have the time. I'm on 07090201529,spam
"Hmm, too many of them unfortunately... Pics obviously arent hot cakes. Its kinda fun tho",ham
"U wake up already? Wat u doing? U picking us up later rite? I'm taking sq825, reaching ard 7 smth 8 like dat. U can check e arrival time. C ya soon...",ham
K.:)do it at evening da:)urgent:),ham
Had your mobile 10 mths? Update to latest Orange camera/video phones for FREE. Save £s with Free texts/weekend calls. Text YES for a callback orno to opt out,spam
"I'll see if I can swing by in a bit, got some things to take care of here firsg",ham
That one week leave i put know that time. Why.,ham
I know I'm lacking on most of this particular dramastorm's details but for the most part I'm not worried about that,ham
Ur cash-balance is currently 500 pounds - to maximize ur cash-in now send CASH to 86688 only 150p/msg. CC: 08718720201 PO BOX 114/14 TCR/W1,spam
Urgent Please call 09066612661 from landline. £5000 cash or a luxury 4* Canary Islands Holiday await collection. T&Cs SAE award. 20M12AQ. 150ppm. 16+ “,spam
Did u find a sitter for kaitlyn? I was sick and slept all day yesterday.,ham
I dont want to hear anything,ham
"I dont knw pa, i just drink milk..",ham
"Hi elaine, is today's meeting confirmed?",ham
Yeah my usual guy's out of town but there're definitely people around I know,ham
Good afternoon starshine! How's my boytoy? Does he crave me yet? Ache to fuck me ? *sips cappuccino* I miss you babe *teasing kiss*,ham
Fine if thats the way u feel. Thats the way its gota b,ham
Need a coffee run tomo?Can't believe it's that time of week already,ham
I walked an hour 2 c u! doesnt that show I care y wont u believe im serious?,ham
"Get 3 Lions England tone, reply lionm 4 mono or lionp 4 poly. 4 more go 2 www.ringtones.co.uk, the original n best. Tones 3GBP network operator rates apply",spam
Heart is empty without love.. Mind is empty without wisdom.. Eyes r empty without dreams &amp; Life is empty without frnds.. So Alwys Be In Touch. Good night &amp; sweet dreams,ham
Cab is available.they pick up and drop at door steps.,ham
Ringtone Club: Gr8 new polys direct to your mobile every week !,spam
"I do know what u mean,  is the king of not havin credit! I'm goin2bed now. Night night sweet! Only1more sleep!",ham
"Jus chillaxin, what up",ham
"I can probably come by, everybody's done around  &lt;#&gt;  right?",ham
HI DARLIN HOW WAS WORK DID U GET INTO TROUBLE? IJUST TALKED TO YOUR MUM ALL MORNING! I HAD A REALLY GOOD TIME LAST NIGHT IM GOIN OUT SOON BUT CALL ME IF U CAN,ham
I might come to kerala for 2 days.so you can be prepared to take a leave once i finalise .dont plan any travel during my visit.need to finish urgent works.,ham
Jus telling u dat i'll b leaving 4 shanghai on 21st instead so we'll haf more time 2 meet up cya...,ham
Prabha..i'm soryda..realy..frm heart i'm sory,ham
Unless it's a situation where YOU GO GURL would be more appropriate,ham
U have a secret admirer. REVEAL who thinks U R So special. Call 09065174042. To opt out Reply REVEAL STOP. 1.50 per msg recd. Cust care 07821230901,spam
Tell me they're female :V how're you throwing in? We're deciding what all to get now,ham
Depends on where u going lor.,ham
You made my day. Do have a great day too.,ham
I'm freezing and craving ice. Fml,ham
Do you want a NEW video phone750 anytime any network mins 150 text for only five pounds per week call 08000776320 now or reply for delivery tomorrow,spam
"Aight, I'll hit you up when I get some cash",ham
* Am on my way,ham
"Gal n boy walking in d park. gal-can i hold ur hand? boy-y? do u think i would run away? gal-no, jst wana c how it feels walking in heaven with an prince..GN:-)",ham
Ya but it cant display internal subs so i gotta extract them,ham
"This is the 2nd time we have tried 2 contact u. U have won the 750 Pound prize. 2 claim is easy, call 08712101358 NOW! Only 10p per min. BT-national-rate",spam
I'm working technical support :)voice process.,ham
"Call me da, i am waiting for your call.",ham
Depends on individual lor e hair dresser say pretty but my parents say look gong. U kaypoh.. I also dunno wat she collecting.,ham
"YOU VE WON! Your 4* Costa Del Sol Holiday or £5000 await collection. Call 09050090044 Now toClaim. SAE, TC s, POBox334, Stockport, SK38xh, Cost£1.50/pm, Max10mins",spam
I dont have any of your file in my bag..i was in work when you called me.i 'll tell you if i find anything in my room.,ham
"Well am officially in a philosophical hole, so if u wanna call am at home ready to be saved!",ham
K.k:)advance happy pongal.,ham
Today is ACCEPT DAY..U Accept me as? Brother Sister Lover Dear1 Best1 Clos1 Lvblefrnd Jstfrnd Cutefrnd Lifpartnr Belovd Swtheart Bstfrnd No rply means enemy,ham
Nutter. Cutter. Ctter. Cttergg. Cttargg. Ctargg. Ctagg. ie you,ham
I'm leaving my house now...,ham
Host-based IDPS for linux systems.,ham
Sos! Any amount i can get pls.,ham
Designation is software developer and may be she get chennai:),ham
I know girls always safe and selfish know i got it pa. Thank you. good night.,ham
Thanks for ve lovely wisheds. You rock,ham
PRIVATE! Your 2003 Account Statement for 07815296484 shows 800 un-redeemed S.I.M. points. Call 08718738001 Identifier Code 41782 Expires 18/11/04,spam
We stopped to get ice cream and will go back after,ham
Thanks. It was only from tescos but quite nice. All gone now. Speak soon,ham
Hi where you. You in home or calicut?,ham
Your unique user ID is 1172. For removal send STOP to 87239 customer services 08708034412,spam
So no messages. Had food?,ham
Thanx but my birthday is over already.,ham
Ü bot notes oredi... Cos i juz rem i got...,ham
I'm always on yahoo messenger now. Just send the message to me and i.ll get it you may have to send it in the mobile mode sha but i.ll get it. And will reply.,ham
URGENT! We are trying to contact U. Todays draw shows that you have won a £800 prize GUARANTEED. Call 09050001295 from land line. Claim A21. Valid 12hrs only,spam
"1) Go to write msg 2) Put on Dictionary mode 3)Cover the screen with hand, 4)Press  &lt;#&gt; . 5)Gently remove Ur hand.. Its interesting..:)",ham
I think its far more than that but find out. Check google maps for a place from your dorm.,ham
Or ill be a little closer like at the bus stop on the same street,ham
Someone U know has asked our dating service 2 contact you! Cant Guess who? CALL 09058091854 NOW all will be revealed. PO BOX385 M6 6WU,spam
Good night my dear.. Sleepwell&amp;Take care,ham
"Goodmorning,my grandfather expired..so am on leave today.",ham
"Ugh y can't u just apologize, admit u were wrong and ask me to take u back?",ham
"What do you do, my dog ? Must I always wait till the end of your day to have word from you ? Did you run out of time on your cell already?",ham
Marvel Mobile Play the official Ultimate Spider-man game (£4.50) on ur mobile right now. Text SPIDER to 83338 for the game & we ll send u a FREE 8Ball wallpaper,spam
Yes but I don't care cause I know its there!,ham
On ma way to school. Can you pls send me ashley's number,ham
"Actually nvm, got hella cash, we still on for  &lt;#&gt; ish?",ham
Hey no I ad a crap nite was borin without ya 2 boggy with me u boring biatch! Thanx but u wait til nxt time il ave ya,ham
FreeMsg: Hey - I'm Buffy. 25 and love to satisfy men. Home alone feeling randy. Reply 2 C my PIX! QlynnBV Help08700621170150p a msg Send stop to stop txts,spam
Please give it 2  or i will pick it up on Tuesday evening about 8 if that is ok.,ham
"Urgent! call 09061749602 from Landline. Your complimentary 4* Tenerife Holiday or £10,000 cash await collection SAE T&Cs BOX 528 HP20 1YF 150ppm 18+",spam
Ok lor ü reaching then message me.,ham
U meet other fren dun wan meet me ah... Muz b a guy rite...,ham
"Gr8 Poly tones 4 ALL mobs direct 2u rply with POLY TITLE to 8007 eg POLY BREATHE1 Titles: CRAZYIN, SLEEPINGWITH, FINEST, YMCA :getzed.co.uk POBox365O4W45WQ 300p",spam
As per your request 'Melle Melle (Oru Minnaminunginte Nurungu Vettam)' has been set as your callertune for all Callers. Press *9 to copy your friends Callertune,ham
"Sorry, left phone upstairs. OK, might be hectic but would be all my birds with one fell swoop. It's a date.",ham
"Hey...Great deal...Farm tour 9am to 5pm $95/pax, $50 deposit by 16 May",ham
Had your mobile 11mths ? Update for FREE to Oranges latest colour camera mobiles & unlimited weekend calls. Call Mobile Upd8 on freefone 08000839402 or 2StopTxt,spam
Can't. I feel nauseous. I'm so pissed. I didn't eat any sweets all week cause today I was planning to pig out. I was dieting all week. And now I'm not hungry :/,ham
Congratulations U can claim 2 VIP row A Tickets 2 C Blu in concert in November or Blu gift guaranteed Call 09061104276 to claim TS&Cs www.smsco.net cost£3.75max,spam
"""Hi darlin i cantdo anythingtomorrow as myparents aretaking me outfor a meal. when are u free? Katexxx""",ham
She's fine. Good to hear from you. How are you my dear? Happy new year oh.,ham
Haf u found him? I feel so stupid da v cam was working.,ham
Thank u!,ham
Its going good...no problem..but still need little experience to understand american customer voice...,ham
INTERFLORA - It's not too late to order Interflora flowers for christmas call 0800 505060 to place your order before Midnight tomorrow.,spam
Hey happy birthday...,ham
Sex up ur mobile with a FREE sexy pic of Jordan! Just text BABE to 88600. Then every wk get a sexy celeb! PocketBabe.co.uk 4 more pics. 16 £3/wk 087016248,spam
Please sen :)my kind advice :-)please come here and try:-),ham
Santa Calling! Would your little ones like a call from Santa Xmas eve? Call 09058094583 to book your time.,spam
Dear Voucher Holder 2 claim your 1st class airport lounge passes when using Your holiday voucher call 08704439680. When booking quote 1st class x 2,spam
1 in cbe. 2 in chennai.,ham
Cos daddy arranging time c wat time fetch ü mah...,ham
"Actually, my mobile is full of msg. And i m doing a work online, where i need to send them  &lt;#&gt;  sent msg i wil explain u later.",ham
Ic. There are a lotta childporn cars then.,ham
Oops sorry. Just to check that you don't mind picking me up tomo at half eight from station. Would that be ok?,ham
"Good stuff, will do.",ham
Ok lor. Msg me b4 u call.,ham
"I'll get there at 3, unless you guys want me to come some time sooner",ham
Ok.ok ok..then..whats ur todays plan,ham
Kit Strip - you have been billed 150p. Netcollex Ltd. PO Box 1013 IG11 OJA,spam
HI DARLIN IM MISSIN U HOPE YOU ARE HAVING A GOOD TIME. WHEN ARE U BACK AND WHAT TIME IF U CAN GIVE ME A CALL AT HOME. JESS XX,ham
Ok then no need to tell me anything i am going to sleep good night,ham
Should I tell my friend not to come round til like  &lt;#&gt; ish?,ham
Hanging out with my brother and his family,ham
"Dear,Me at cherthala.in case u r coming cochin pls call bfore u start.i shall also reach accordingly.or tell me which day u r coming.tmorow i am engaged ans its holiday.",ham
You didnt complete your gist oh.,ham
Hey mr  and I are going to the sea view and having a couple of gays I mean games! Give me a bell when ya finish,ham
Hey i will be late ah... Meet you at 945+,ham
No:-)i got rumour that you going to buy apartment in chennai:-),ham
"New Theory: Argument wins d SITUATION, but loses the PERSON. So dont argue with ur friends just.. . . . kick them &amp; say, I'm always correct.!",ham
"Solve d Case : A Man Was Found Murdered On  &lt;DECIMAL&gt; . &lt;#&gt;  AfterNoon. 1,His wife called Police. 2,Police questioned everyone. 3,Wife: Sir,I was sleeping, when the murder took place. 4.Cook: I was cooking. 5.Gardener: I was picking vegetables. 6.House-Maid: I went 2 d post office. 7.Children: We went 2 play. 8.Neighbour: We went 2 a marriage. Police arrested d murderer Immediately. Who's It? Reply With Reason, If U r Brilliant.",ham
I'm ok. Will do my part tomorrow,ham
So that takes away some money worries,ham
Ultimately tor motive tui achieve korli.,ham
I'm going for bath will msg you next  &lt;#&gt;  min..,ham
No probably  &lt;#&gt; %.,ham
Customer service annoncement. You have a New Years delivery waiting for you. Please call 07046744435 now to arrange delivery,spam
Haven't eaten all day. I'm sitting here staring at this juicy pizza and I can't eat it. These meds are ruining my life.,ham
"As I entered my cabin my PA said, '' Happy B'day Boss !!''. I felt special. She askd me 4 lunch. After lunch she invited me to her apartment. We went there.",ham
Yes. Nigh you cant aha.,ham
When ü login dat time... Dad fetching ü home now?,ham
"Sorry I missed you babe. I was up late and slept in. I hope you enjoy your driving lesson, boytoy. I miss you too ... *teasing kiss*",ham
"life alle mone,eppolum oru pole allalo",ham
I've reached home n i bathe liao... U can call me now...,ham
December only! Had your mobile 11mths+? You are entitled to update to the latest colour camera mobile for Free! Call The Mobile Update Co FREE on 08002986906,spam
"Haven't seen my facebook, huh? Lol!",ham
"Two fundamentals of cool life: ""Walk, like you are the KING""...! OR ""Walk like you Dont care,whoever is the KING""!... Gud nyt",ham
Just nw i came to hme da..,ham
Ok lor... Or u wan me go look 4 u?,ham
I like dis sweater fr mango but no more my size already so irritating.,ham
"Have a lovely night and when you wake up to see this message, i hope you smile knowing all is as should be. Have a great morning",ham
We currently have a message awaiting your collection. To collect your message just call 08718723815.,spam
MY NEW YEARS EVE WAS OK. I WENT TO A PARTY WITH MY BOYFRIEND. WHO IS THIS SI THEN HEY,ham
PRIVATE! Your 2003 Account Statement for shows 800 un-redeemed S.I.M. points. Call 08718738001 Identifier Code: 49557 Expires 26/11/04,spam
If i said anything wrong sorry de:-),ham
"Yo, you gonna still be in stock tomorrow/today? I'm trying to get a dubsack",ham
"Haha awesome, omw back now then",ham
Great! I shoot big loads so get ready!,ham
"Actually fuck that, just do whatever, do find an excuse to be in tampa at some point before january though",ham
"Alright if you're sure, let me know when you're leaving",ham
Aiyah ok wat as long as got improve can already wat...,ham
"Bears Pic Nick, and Tom, Pete and ... Dick. In fact, all types try gay chat with photo upload call 08718730666 (10p/min). 2 stop texts call 08712460324",spam
Msg me when rajini comes.,ham
"Sorry, I'll call later  &lt;#&gt; mins",ham
Sorry me going home first... Daddy come fetch ü later...,ham
Sad story of a Man - Last week was my b'day. My Wife did'nt wish me. My Parents forgot n so did my Kids . I went to work. Even my Colleagues did not wish.,ham
"Er yeah, i will b there at 15:26, sorry! Just tell me which pub/cafe to sit in and come wen u can",ham
If I get there before you after your ten billion calls and texts so help me god,ham
I love to cuddle! I want to hold you in my strong arms right now...,ham
"All done, all handed in. Don't know if mega shop in asda counts as celebration but thats what i'm doing!",ham
Ugh I don't wanna get out of bed. It's so warm.,ham
"He has lots of used ones babe, but the model doesn't help. Youi have to bring it over and he'll match it up",ham
I will come tomorrow di,ham
Congrats! Nokia 3650 video camera phone is your Call 09066382422 Calls cost 150ppm Ave call 3mins vary from mobiles 16+ Close 300603 post BCM4284 Ldn WC1N3XX,spam
How would my ip address test that considering my computer isn't a minecraft server,ham
I know but you need to get hotel now. I just got my invitation but i had to apologise. Cali is to sweet for me to come to some english bloke's weddin,ham
"That day ü say ü cut ur hair at paragon, is it called hair sense? Do ü noe how much is a hair cut?",ham
Okie...,ham
Call 09095350301 and send our girls into erotic ecstacy. Just 60p/min. To stop texts call 08712460324 (nat rate),spam
"Sorry, I guess whenever I can get a hold of my connections, maybe an hour or two? I'll text you",ham
Or ü go buy wif him then i meet ü later can?,ham
"House-Maid is the murderer, coz the man was murdered on  &lt;#&gt; th January.. As public holiday all govt.instituitions are closed,including post office..understand?",ham
Remind me how to get there and I shall do so,ham
Oh wow thats gay. Will firmware update help,ham
Apart from the one i told you about yesterday?,ham
"Ok da, i already planned. I wil pick you.",ham
Don know. I did't msg him recently.,ham
New TEXTBUDDY Chat 2 horny guys in ur area 4 just 25p Free 2 receive Search postcode or at gaytextbuddy.com. TXT ONE name to 89693,spam
I'm really not up to it still tonight babe,ham
Lol! Nah wasn't too bad thanks. Its good to b home but its been quite a reality check. Hows ur day been? Did u do anything with website?,ham
"I am late,so call you tomorrow morning.take care sweet dreams....u and me...ummifying...bye.",ham
"Looks like you found something to do other than smoke, great job!",ham
"Sorry man my account's dry or I would, if you want we could trade back half or I could buy some shit with my credit card",ham
I didnt get anything da,ham
So when do you wanna gym harri,ham
Ok i thk i got it. Then u wan me 2 come now or wat?,ham
All day working day:)except saturday and sunday..,ham
PRIVATE! Your 2003 Account Statement for 07753741225 shows 800 un-redeemed S. I. M. points. Call 08715203677 Identifier Code: 42478 Expires 24/10/04,spam
Okie,ham
In work now. Going have in few min.,ham
Want 2 get laid tonight? Want real Dogging locations sent direct 2 ur mob? Join the UK's largest Dogging Network bt Txting GRAVEL to 69888! Nt. ec2a. 31p.msg@150p,spam
You will be in the place of that man,ham
Anytime...,ham
Ball is moving a lot.will spin in last :)so very difficult to bat:),ham
"A Boy loved a gal. He propsd bt she didnt mind. He gv lv lttrs, Bt her frnds threw thm. Again d boy decided 2 aproach d gal , dt time a truck was speeding towards d gal. Wn it was about 2 hit d girl,d boy ran like hell n saved her. She asked 'hw cn u run so fast?' D boy replied ""Boost is d secret of my energy"" n instantly d girl shouted ""our energy"" n Thy lived happily 2gthr drinking boost evrydy Moral of d story:- I hv free msgs:D;): gud ni8",ham
December only! Had your mobile 11mths+? You are entitled to update to the latest colour camera mobile for Free! Call The Mobile Update Co FREE on 08002986906,spam
"Aight, see you in a bit",ham
"Edison has rightly said, ""A fool can ask more questions than a wise man can answer"" Now you know why all of us are speechless during ViVa.. GM,GN,GE,GNT:-)",ham
New TEXTBUDDY Chat 2 horny guys in ur area 4 just 25p Free 2 receive Search postcode or at gaytextbuddy.com. TXT ONE name to 89693. 08715500022 rpl Stop 2 cnl,spam
Ok set let u noe e details later...,ham
"Trust me. Even if isn't there, its there.",ham
When can ü come out?,ham
Ew are you one of them?,ham
How dare you stupid. I wont tell anything to you. Hear after i wont talk to you:-.,ham
Ok no prob. Take ur time.,ham
"Loan for any purpose £500 - £75,000. Homeowners + Tenants welcome. Have you been previously refused? We can still help. Call Free 0800 1956669 or text back 'help'",spam
Wat time r ü going to xin's hostel?,ham
Oh that was a forwarded message. I thought you send that to me,ham
"House-Maid is the murderer, coz the man was murdered on  &lt;#&gt; th January.. As public holiday all govt.instituitions are closed,including post office..understand?",ham
I called and said all to him:)then he have to choose this future.,ham
Hey gals.. Anyone of u going down to e driving centre tmr?,ham
Well. Im computerless. Time to make some oreo truffles,ham
U should have made an appointment,ham
"Double mins and txts 4 6months FREE Bluetooth on Orange. Available on Sony, Nokia Motorola phones. Call MobileUpd8 on 08000839402 or call2optout/N9DX",spam
"Dad wanted to talk about the apartment so I got a late start, omw now",ham
Watching ajith film ah?,ham
Cancel cheyyamo?and get some money back?,ham
"I've not called you in a while. This is hoping it was l8r malaria and that you know that we miss you guys. I miss Bani big, so pls give her my love especially. Have a great day.",ham
Hey... are you going to quit soon? Xuhui and i working till end of the month,ham
Aiyo u so poor thing... Then u dun wan 2 eat? U bathe already?,ham
Here got lots of hair dresser fr china.,ham
"Sorry,in meeting I'll call later",ham
So are you guys asking that i get that slippers again or its gone with last year,ham
"This is the 2nd time we have tried 2 contact u. U have won the 750 Pound prize. 2 claim is easy, call 08712101358 NOW! Only 10p per min. BT-national-rate",spam
I dled 3d its very imp,ham
make that 3! 4 fucks sake?! x,ham
Excellent! Wish we were together right now!,ham
If You mean the website. Yes.,ham
I tot u reach liao. He said t-shirt.,ham
2 laptop... I noe infra but too slow lar... I wan fast one,ham
R u meeting da ge at nite tmr?,ham
For real when u getting on yo? I only need 2 more tickets and one more jacket and I'm done. I already used all my multis.,ham
But i'm really really broke oh. No amount is too small even  &lt;#&gt;,ham
Hey you gave them your photo when you registered for driving ah? Tmr wanna meet at yck?,ham
Ringtone Club: Get the UK singles chart on your mobile each week and choose any top quality ringtone! This message is free of charge.,spam
Compliments to you. Was away from the system. How your side.,ham
And now electricity just went out fml.,ham
Back in brum! Thanks for putting us up and keeping us all and happy. See you soon,ham
I'm doing da intro covers energy trends n pros n cons... Brief description of nuclear fusion n oso brief history of iter n jet got abt 7 n half pages..,ham
Y ü wan to go there? C doctor?,ham
Lolnice. I went from a fish to ..water.?,ham
URGENT We are trying to contact you Last weekends draw shows u have won a £1000 prize GUARANTEED Call 09064017295 Claim code K52 Valid 12hrs 150p pm,spam
Yeah get the unlimited,ham
Wait  &lt;#&gt;  min..,ham
"How's my loverboy doing ? What does he do that keeps him from coming to his Queen, hmmm ? Doesn't he ache to speak to me ? Miss me desparately ?",ham
"Congratulations! Thanks to a good friend U have WON the £2,000 Xmas prize. 2 claim is easy, just call 08718726978 NOW! Only 10p per minute. BT-national-rate",spam
Did either of you have any idea's? Do you know of anyplaces doing something?,ham
Goodmorning sleeping ga.,ham
Great. I was getting worried about you. Just know that a wonderful and caring person like you will have only the best in life. Know that u r wonderful and God's love is yours.,ham
"Excellent, I'll see what riley's plans are",ham
Don no da:)whats you plan?,ham
"Okies... I'll go yan jiu too... We can skip ard oso, go cine den go mrt one, blah blah blah...",ham
Good morning princess! How are you?,ham
Leave it. U will always be ignorant.,ham
"hey, looks like I was wrong and one of the kappa guys numbers is still on my phone, if you want I can text him and see if he's around",ham
"Damn, poor zac doesn't stand a chance",ham
"ou are guaranteed the latest Nokia Phone, a 40GB iPod MP3 player or a £500 prize! Txt word: COLLECT to No: 83355! IBHltd LdnW15H 150p/Mtmsgrcvd18",spam
I cant wait to see you! How were the photos were useful? :),ham
Thanx 4 2day! U r a goodmate I THINK UR RITE SARY! ASUSUAL!1 U CHEERED ME UP! LOVE U FRANYxxxxx,ham
Welcome! Please reply with your AGE and GENDER to begin. e.g 24M,spam
"St andre, virgil's cream",ham
"I'm taking derek &amp; taylor to walmart, if I'm not back by the time you're done just leave the mouse on my desk and I'll text you when priscilla's ready",ham
Congratulations ur awarded either £500 of CD gift vouchers & Free entry 2 our £100 weekly draw txt MUSIC to 87066 TnCs www.Ldew.com1win150ppmx3age16,spam
Great! I hope you like your man well endowed. I am  &lt;#&gt;  inches...,ham
Get ur 1st RINGTONE FREE NOW! Reply to this msg with TONE. Gr8 TOP 20 tones to your phone every week just £1.50 per wk 2 opt out send STOP 08452810071 16,spam
Thats cool. i am a gentleman and will treat you with dignity and respect.,ham
"Fair enough, anything going on?",ham
"You are being contacted by our dating service by someone you know! To find out who it is, call from a land line 09050000928. PoBox45W2TG150P",spam
Oh really?? Did you make it on air? What's your talent?,ham
"Living is very simple.. Loving is also simple.. Laughing is too simple.. Winning is tooo simple.. But, Being 'SIMPLE' is very difficult...;-) :-)",ham
Do you like Italian food?,ham
Unni thank you dear for the recharge..Rakhesh,ham
"Living is very simple.. Loving is also simple.. Laughing is too simple.. Winning is tooo simple.. But, being 'SIMPLE' is very difficult.. Gud nte.:-",ham
Just sent it. So what type of food do you like?,ham
Just buy a pizza. Meat lovers or supreme. U get to pick.,ham
Ok but tell me half an hr b4 u come i need 2 prepare.,ham
A link to your picture has been sent. You can also use http://alto18.co.uk/wave/wave.asp?o=44345,spam
"Aight no rush, I'll ask jay",ham
No calls..messages..missed calls,ham
Are you this much buzy,ham
I want to tel u one thing u should not mistake me k THIS IS THE MESSAGE THAT YOU SENT:),ham
Pls go there today  &lt;#&gt; . I dont want any excuses,ham
Hi! You just spoke to MANEESHA V. We'd like to know if you were satisfied with the experience. Reply Toll Free with Yes or No.,ham
"""NONE!NOWHERE IKNO DOESDISCOUNT!SHITINNIT""",ham
Babe ! What are you doing ? Where are you ? Who are you talking to ? Do you think of me ? Are you being a good boy? Are you missing me? Do you love me ?,ham
Pls go ahead with watts. I just wanted to be sure. Do have a great weekend. Abiola,ham
I have many dependents,ham
You available now? I'm like right around hillsborough &amp;  &lt;#&gt; th,ham
Better. Made up for Friday and stuffed myself like a pig yesterday. Now I feel bleh. But at least its not writhing pain kind of bleh.,ham
I'm reading the text i just sent you. Its meant to be a joke. So read it in that light,ham
Yes just finished watching days of our lives. I love it.,ham
Oh yah... We never cancel leh... Haha,ham
Message:some text missing* Sender:Name Missing* *Number Missing *Sent:Date missing *Missing U a lot thats y everything is missing sent via fullonsms.com,ham
FreeMsg Today's the day if you are ready! I'm horny & live in your town. I love sex fun & games! Netcollex Ltd 08700621170150p per msg reply Stop to end,spam
Hey r ü still online? I've finished the formatting...,ham
I am late. I will be there at,ham
"Claim a 200 shopping spree, just call 08717895698 now! Have you won! MobStoreQuiz10ppm",spam
I'm at bruce &amp; fowler now but I'm in my mom's car so I can't park (long story),ham
THANX 4 PUTTIN DA FONE DOWN ON ME!!,ham
"Congrats! 1 year special cinema pass for 2 is yours. call 09061209465 now! C Suprman V, Matrix3, StarWars3, etc all 4 FREE! bx420-ip4-5we. 150pm. Dont miss out!",spam
Ur HMV Quiz cash-balance is currently £500 - to maximize ur cash-in now send HMV1 to 86688 only 150p/msg,spam
So there's a ring that comes with the guys costumes. It's there so they can gift their future yowifes. Hint hint,ham
"Er, hello, things didn‘t quite go to plan – is limping slowly home followed by aa and with exhaust hanging off",ham
"HOT LIVE FANTASIES call now 08707500020 Just 20p per min NTT Ltd, PO Box 1327 Croydon CR9 5WB 0870 is a national rate call",spam
How about getting in touch with folks waiting for company? Just txt back your NAME and AGE to opt in! Enjoy the community (150p/SMS),spam
Thanks for this hope you had a good day today,ham
Anything lor is she coming?,ham
Ok lor thanx... Ü in school?,ham
"Same here, but I consider walls and bunkers and shit important just because I never play on peaceful but I guess your place is high enough that it don't matter",ham
Thats cool. I want to please you...,ham
Lol please do. Actually send a pic of yourself right now. I wanna see. Pose with a comb and hair dryer or something.,ham
"Tick, tick, tick .... Where are you ? I could die of loneliness you know ! *pouts* *stomps feet* I need you ...",ham
Going for dinner.msg you after.,ham
Your 2004 account for 07XXXXXXXXX shows 786 unredeemed points. To claim call 08719181259 Identifier code: XXXXX Expires 26.03.05,spam
So when do you wanna gym?,ham
Amazing : If you rearrange these letters it gives the same meaning... Dormitory = Dirty room Astronomer = Moon starer The eyes = They see Election results = Lies lets recount Mother-in-law = Woman Hitler Eleven plus two =Twelve plus one Its Amazing... !:-),ham
"How is my boy? No sweet words left for me this morning ... *sighs* ... How goes you day, my love ? Did you start your studying?",ham
Ok i go change also...,ham
Nice.nice.how is it working?,ham
Is xy in ur car when u picking me up?,ham
Yar lor... Keep raining non stop... Or u wan 2 go elsewhere?,ham
Can ü send me a copy of da report?,ham
I HAVE A DATE ON SUNDAY WITH WILL!!,ham
"Oh, the grand is having a bit of a party but it doesn't mention any cover charge so it's probably first come first served",ham
Can U get 2 phone NOW? I wanna chat 2 set up meet Call me NOW on 09096102316 U can cum here 2moro Luv JANE xx Calls£1/minmoremobsEMSPOBox45PO139WA,spam
No rushing. I'm not working. I'm in school so if we rush we go hungry.,ham
Wife.how she knew the time of murder exactly,ham
"Hi babe its Chloe, how r u? I was smashed on saturday night, it was great! How was your weekend? U been missing me? SP visionsms.com Text stop to stop 150p/text",spam
Sorry da. I gone mad so many pending works what to do.,ham
"U've been selected to stay in 1 of 250 top British hotels - FOR NOTHING! Holiday valued at £350! Dial 08712300220 to claim - National Rate Call. Bx526, SW73SS",spam
I'm in class. Will holla later,ham
Do u ever get a song stuck in your head for no reason and it won't go away til u listen to it like 5 times?,ham
Jay is snickering and tells me that x is totally fucking up the chords as we speak,ham
I am not sure about night menu. . . I know only about noon menu,ham
"Sorry, I'll call later",ham
I am in escape theatre now. . Going to watch KAVALAN in a few minutes,ham
"Whats that coming over the hill..... Is it a monster! Hope you have a great day. Things r going fine here, busy though!",ham
It's justbeen overa week since we broke up and already our brains are going to mush!,ham
How much did ur hdd casing cost.,ham
Aslamalaikkum....insha allah tohar beeen muht albi mufti mahfuuz...meaning same here....,ham
How dare you change my ring,ham
I only haf msn. It's yijue@hotmail.com,ham
"Good afternoon sexy buns! How goes the job search ? I wake and you are my first thought as always, my love. I wish your fine and happy and know I adore you!",ham
ALRITE SAM ITS NIC JUST CHECKIN THAT THIS IS UR NUMBER-SO IS IT?T.B*,ham
Just trying to figure out when I'm suppose to see a couple different people this week. We said we'd get together but I didn't set dates,ham
Why she wants to talk to me,ham
Wewa is 130. Iriver 255. All 128 mb.,ham
Yavnt tried yet and never played original either,ham
There bold 2  &lt;#&gt; . Is that yours,ham
It's ok lar. U sleep early too... Nite...,ham
Get your garden ready for summer with a FREE selection of summer bulbs and seeds worth £33:50 only with The Scotsman this Saturday. To stop go2 notxt.co.uk,spam
Kothi print out marandratha.,ham
Yeah like if it goes like it did with my friends imma flip my shit in like half an hour,ham
And how's your husband.,ham
No need lar. Jus testing e phone card. Dunno network not gd i thk. Me waiting 4 my sis 2 finish bathing so i can bathe. Dun disturb u liao u cleaning ur room.,ham
"Got what it takes 2 take part in the WRC Rally in Oz? U can with Lucozade Energy! Text RALLY LE to 61200 (25p), see packs or lucozade.co.uk/wrc & itcould be u!",spam
I'm really sorry I lit your hair on fire,ham
Love that holiday Monday feeling even if I have to go to the dentists in an hour,ham
I am in tirupur.  call you da.,ham
Kaiez... Enjoy ur tuition... Gee... Thk e second option sounds beta... I'll go yan jiu den msg u...,ham
"Hey, a guy I know is breathing down my neck to get him some bud, anyway you'd be able to get a half track to usf tonight?",ham
"Fuuuuck I need to stop sleepin, sup",ham
It has everything to do with the weather. Keep extra warm. Its a cold but nothing serious. Pls lots of vitamin c,ham
Only if you promise your getting out as SOON as you can. And you'll text me in the morning to let me know you made it in ok.,ham
Match started.india  &lt;#&gt;  for 2,ham
Yo im right by yo work,ham
They said ü dun haf passport or smth like dat.. Or ü juz send to my email account..,ham
Yeah. I got a list with only u and Joanna if I'm feeling really anti social,ham
HMV BONUS SPECIAL 500 pounds of genuine HMV vouchers to be won. Just answer 4 easy questions. Play Now! Send HMV to 86688 More info:www.100percent-real.com,spam
I knew it... U slept v late yest? Wake up so late...,ham
And is there a way you can send shade's stuff to her. And she has been wonderful too.,ham
"Hmmm.... Mayb can try e shoppin area one, but forgot e name of hotel...",ham
TELL HER I SAID EAT SHIT.,ham
Yup it's at paragon... I havent decided whether 2 cut yet... Hee...,ham
"Dear Hero,i am leaving to qatar tonite for an apt opportunity.pls do keep in touch at  &lt;EMAIL&gt; ,kerala",ham
Just sleeping..and surfing,ham
Ok.,ham
Wat's my dear doing? Sleeping ah?,ham
Hi Dear Call me its urgnt. I don't know whats your problem. You don't want to work or if you have any other problem at least tell me. Wating for your reply.,ham
Are you this much buzy,ham
"Yep, the great loxahatchee xmas tree burning of  &lt;#&gt;  starts in an hour",ham
Lol ok. I'll snatch her purse too.,ham
Msgs r not time pass.They silently say that I am thinking of U right now and also making U think of me at least 4 a moment. Gd nt.swt drms @Shesil,ham
I've been searching for the right words to thank you for this breather. I promise i wont take your help for granted and will fulfil my promise. You have been wonderful and a blessing at all times.,ham
"Just sent again. Do you scream and moan in bed, princess?",ham
I want  &lt;#&gt;  rs da:)do you have it?,ham
Where did u go? My phone is gonna die you have to stay in here,ham
There r many model..sony ericson also der.. &lt;#&gt; ..it luks good bt i forgot modl no,ham
Good evening! this is roger. How are you?,ham
Lol I would but despite these cramps I like being a girl.,ham
Try neva mate!!,ham
"Feb  &lt;#&gt;  is ""I LOVE U"" day. Send dis to all ur ""VALUED FRNDS"" evn me. If 3 comes back u'll gt married d person u luv! If u ignore dis u will lose ur luv 4 Evr",ham
"Sorry, I'll call later",ham
Did u find out what time the bus is at coz i need to sort some stuff out.,ham
Roger that. We‘re probably going to rem in about 20,ham
"Cool, text me when you're parked",ham
Been up to ne thing interesting. Did you have a good birthday? When are u wrking nxt? I started uni today.,ham
"Sorry, I'll call later",ham
What's nannys address?,ham
Please call Amanda with regard to renewing or upgrading your current T-Mobile handset free of charge. Offer ends today. Tel 0845 021 3680 subject to T's and C's,spam
"My friend just got here and says he's upping his order by a few grams (he's got $ &lt;#&gt; ), when can you get here?",ham
How stupid to say that i challenge god.You dont think at all on what i write instead you respond immed.,ham
"So you think i should actually talk to him? Not call his boss in the morning? I went to this place last year and he told me where i could go and get my car fixed cheaper. He kept telling me today how much he hoped i would come back in, how he always regretted not getting my number, etc.",ham
FREE for 1st week! No1 Nokia tone 4 ur mob every week just txt NOKIA to 8007 Get txting and tell ur mates www.getzed.co.uk POBox 36504 W45WQ norm150p/tone 16+,spam
Ya very nice. . .be ready on thursday,ham
"Thanx 4 the time weve spent 2geva, its bin mint! Ur my Baby and all I want is u!xxxx",ham
Don no da:)whats you plan?,ham
Lol your right. What diet? Everyday I cheat anyway. I'm meant to be a fatty :(,ham
"K so am I, how much for an 8th? Fifty?",ham
"Received, understood n acted upon!",ham
Its good to hear from you,ham
Purity of friendship between two is not about smiling after reading the forwarded message..Its about smiling just by seeing the name. Gud evng musthu,ham
Alex knows a guy who sells mids but he's down in south tampa and I don't think I could set it up before like 8,ham
Call FREEPHONE 0800 542 0578 now!,spam
Thought we could go out for dinner. I'll treat you! Seem ok?,ham
"Sweetheart, hope you are not having that kind of day! Have one with loads of reasons to smile. Biola",ham
Pls dont forget to study,ham
Carlos says we can pick up from him later so yeah we're set,ham
"1) Go to write msg 2) Put on Dictionary mode 3)Cover the screen with hand, 4)Press  &lt;#&gt; . 5)Gently remove Ur hand.. Its interesting..:)",ham
I dun believe u. I thk u told him.,ham
Staff of placement training in Amrita college.,ham
K..k..i'm also fine:)when will you complete the course?,ham
Jus finished avatar nigro,ham
Hey cutie. How goes it? Here in WALES its kinda ok. There is like hills and shit but i still avent killed myself.,ham
"In The Simpsons Movie released in July 2007 name the band that died at the start of the film? A-Green Day, B-Blue Day, C-Red Day. (Send A, B or C)",spam
"No idea, I guess we'll work that out an hour after we're supposed to leave since as usual nobody has any interest in figuring shit out before the last second",ham
"Perhaps * is much easy give your account identification, so i will tomorrow at UNI",ham
Just got to  &lt;#&gt;,ham
I wont get concentration dear you know you are my mind and everything :-),ham
"A boy was late 2 home. His father: ""POWER OF FRNDSHIP""",ham
"You have won ?1,000 cash or a ?2,000 prize! To claim, call09050000327. T&C: RSTM, SW7 3SS. 150ppm",spam
Send to someone else :-),ham
"Aight, text me tonight and we'll see what's up",ham
Lol I have to take it. member how I said my aunt flow didn't visit for 6 months? It's cause I developed ovarian cysts. Bc is the only way to shrink them.,ham
hanks lotsly!,ham
EASTENDERS TV Quiz. What FLOWER does DOT compare herself to? D= VIOLET E= TULIP F= LILY txt D E or F to 84025 NOW 4 chance 2 WIN £100 Cash WKENT/150P16+,spam
I dunno lei... Like dun haf...,ham
we tried to contact you re your response to our offer of a new nokia fone and camcorder hit reply or call 08000930705 for delivery,spam
"As a valued customer, I am pleased to advise you that following recent review of your Mob No. you are awarded with a £1500 Bonus Prize, call 09066364589",spam
"By the way, 'rencontre' is to meet again. Mountains dont....",ham
K:)k:)good:)study well.,ham
Have a great trip to India. And bring the light to everyone not just with the project but with everyone that is lucky to see you smile. Bye. Abiola,ham
Want to send me a virtual hug?... I need one,ham
Think + da. You wil do.,ham
Where do you need to go to get it?,ham
U havent lost me ill always b here 4u.i didnt intend 2 hurt u but I never knew how u felt about me when Iwas+marine&thats what itried2tell urmom.i careabout u,ham
Still in customer place,ham
Am i that much dirty fellow?,ham
What time do u get out?,ham
ROMCAPspam Everyone around should be responding well to your presence since you are so warm and outgoing. You are bringing in a real breath of sunshine.,spam
Dip's cell dead. So i m coming with him. U better respond else we shall come back.,ham
"Dont search love, let love find U. Thats why its called falling in love, bcoz U dont force yourself, U just fall and U know there is smeone to hold U... BSLVYL",ham
I did. One slice and one breadstick. Lol,ham
I guess it is useless calling u 4 something important.,ham
He is world famamus....,ham
O ic lol. Should play 9 doors sometime yo,ham
Its sarcasm.. .nt scarcasim,ham
If u dun drive then how i go 2 sch.,ham
Ok both our days. So what are you making for dinner tonite? Am I invited?,ham
Just normal only here :),ham
Loosu go to hospital. De dont let it careless.,ham
FREE for 1st week! No1 Nokia tone 4 ur mobile every week just txt NOKIA to 8077 Get txting and tell ur mates. www.getzed.co.uk POBox 36504 W45WQ 16+ norm150p/tone,spam
"Yo my trip got postponed, you still stocked up?",ham
"Great. I'm in church now, will holla when i get out",ham
K...k:)why cant you come here and search job:),ham
"Sure, if I get an acknowledgement from you that it's astoundingly tactless and generally faggy to demand a blood oath fo",ham
UR awarded a City Break and could WIN a £200 Summer Shopping spree every WK. Txt STORE to 88039 . SkilGme. TsCs087147403231Winawk!Age16 £1.50perWKsub,spam
Y so late but i need to go n get da laptop...,ham
"Oops - am at my mum's in somerset... Bit far! Back tomo, see you soon x",ham
"7 wonders in My WORLD 7th You 6th Ur style 5th Ur smile 4th Ur Personality 3rd Ur Nature 2nd Ur SMS and 1st ""Ur Lovely Friendship""... good morning dear",ham
Yup ü not comin :-(,ham
There is os called ubandu which will run without installing in hard disk...you can use that os to copy the important files in system and give it to repair shop..,ham
Hi its LUCY Hubby at meetins all day Fri & I will B alone at hotel U fancy cumin over? Pls leave msg 2day 09099726395 Lucy x Calls£1/minMobsmoreLKPOBOX177HP51FL,spam
Then we gotta do it after that,ham
Purity of friendship between two is not about smiling after reading the forwarded message..Its about smiling just by seeing the name. Gud evng,ham
"Geeeee ... Your internet is really bad today, eh ?",ham
Yup ok...,ham
K I'll be sure to get up before noon and see what's what,ham
Yeah sure I'll leave in a min,ham
She's good. How are you. Where r u working now,ham
"New Mobiles from 2004, MUST GO! Txt: NOKIA to No: 89545 & collect yours today! From ONLY £1. www.4-tc.biz 2optout 087187262701.50gbp/mtmsg18 TXTAUCTION.",spam
I sent you  &lt;#&gt;  bucks,ham
Did you stitch his trouser,ham
"Thursday night? Yeah, sure thing, we'll work it out then",ham
"Oh... Haha... Den we shld had went today too... Gee, nvm la... Kaiez, i dun mind goin jazz oso... Scared hiphop open cant catch up...",ham
How is it possible to teach you. And where.,ham
Ummma.will call after check in.our life will begin from qatar so pls pray very hard.,ham
"Hi, wkend ok but journey terrible. Wk not good as have huge back log of marking to do",ham
Ok i found dis pierre cardin one which looks normal costs 20 its on sale.,ham
We got a divorce. Lol. She.s here,ham
"And very importantly, all we discuss is between u and i only.",ham
I dont. Can you send it to me. Plus how's mode.,ham
Oic... Then better quickly go bathe n settle down...,ham
Ok.,ham
Lol no. Just trying to make your day a little more interesting,ham
"TheMob> Check out our newest selection of content, Games, Tones, Gossip, babes and sport, Keep your mobile fit and funky text WAP to 82468",spam
"Hi , where are you? We're at  and they're not keen to go out i kind of am but feel i shouldn't so can we go out tomo, don't mind do you?",ham
If you hear a loud scream in about &lt;#&gt; minutes its cause my Gyno will be shoving things up me that don't belong :/,ham
"Ah, well that confuses things, doesnt it? I thought was friends with now. Maybe i did the wrong thing but i already sort of invited -tho he may not come cos of money.",ham
In the end she might still vomit but its okay. Not everything will come out.,ham
ok....take care.umma to you too...,ham
I sent them. Do you like?,ham
"Nothing, i got msg frm tht unknown no..",ham
Yo do you know anyone  &lt;#&gt;  or otherwise able to buy liquor? Our guy flaked and right now if we don't get a hold of somebody its just 4 loko all night,ham
my ex-wife was not able to have kids. Do you want kids one day?,ham
Was doing my test earlier. I appreciate you. Will call you tomorrow.,ham
"Oh, i will get paid. The most outstanding one is for a commercial i did for Hasbro...in AUGUST! They made us jump through so many hoops to get paid. Still not.",ham
Tell me pa. How is pain de.,ham
Ill be there on  &lt;#&gt;  ok.,ham
I tagged MY friends that you seemed to count as YOUR friends.,ham
Can you do online transaction?,ham
"I wasn't well babe, i have swollen glands at my throat ... What did you end up doing ?",ham
Yetunde i'm in class can you not run water on it to make it ok. Pls now.,ham
Hi baby ive just got back from work and i was wanting to see u allday! I hope i didnt piss u off on the phone today. If u are up give me a call xxx,ham
I will be outside office take all from there,ham
He is there. You call and meet him,ham
Captain vijaykanth is doing comedy in captain tv..he is drunken :),ham
"Call me. I m unable to cal. Lets meet bhaskar, and deep",ham
"I'm not sure, I was just checking out what was happening around the area",ham
Is ur lecture over?,ham
"You've won tkts to the EURO2004 CUP FINAL or £800 CASH, to collect CALL 09058099801 b4190604, POBOX 7876150ppm",spam
I don't know u and u don't know me. Send CHAT to 86688 now and let's find each other! Only 150p/Msg rcvd. HG/Suite342/2Lands/Row/W1J6HL LDN. 18 years or over.,spam
"I'm used to it. I just hope my agents don't drop me since i've only booked a few things this year. This whole me in boston, them in nyc was an experiment.",ham
o turns out i had stereo love on mi phone under the unknown album.,ham
"We're all getting worried over here, derek and taylor have already assumed the worst",ham
But you dint in touch with me.,ham
Me sef dey laugh you. Meanwhile how's my darling anjie!,ham
I will see in half an hour,ham
URGENT! We are trying to contact you. Last weekends draw shows that you have won a £900 prize GUARANTEED. Call 09061701851. Claim code K61. Valid 12hours only,spam
Lol yes. Our friendship is hanging on a thread cause u won't buy stuff.,ham
Today my system sh get ready.all is well and i am also in the deep well,ham
XCLUSIVE@CLUBSAISAI 2MOROW 28/5 SOIREE SPECIALE ZOUK WITH NICHOLS FROM PARIS.FREE ROSES 2 ALL LADIES !!! info: 07946746291/07880867867,spam
Nothing. Can...,ham
Hi dis is yijue i would be happy to work wif ü all for gek1510...,ham
I told her I had a Dr appt next week. She thinks I'm gonna die. I told her its just a check. Nothing to be worried about. But she didn't listen.,ham
I'll be in sch fr 4-6... I dun haf da book in sch... It's at home...,ham
Dunno da next show aft 6 is 850. Toa payoh got 650.,ham
"5 Free Top Polyphonic Tones call 087018728737, National Rate. Get a toppoly tune sent every week, just text SUBPOLY to 81618, £3 per pole. UnSub 08718727870.",spam
Thank you baby! I cant wait to taste the real thing...,ham
Somebody set up a website where you can play hold em using eve online spacebucks,ham
"Don't worry though, I understand how important it is that I be put in my place with a poorly thought out punishment in the face of the worst thing that has ever happened to me. Brb gonna go kill myself",ham
"Someone has contacted our dating service and entered your phone becausethey fancy you! To find out who it is call from a landline 09058098002. PoBox1, W14RG 150p",spam
K ill drink.pa then what doing. I need srs model pls send it to my mail id pa.,ham
"Aight, call me once you're close",ham
"Painful words- ""I thought being Happy was the most toughest thing on Earth... But, the toughest is acting Happy with all unspoken pain inside..""",ham
You all ready for * big day tomorrow?,ham
Height of recycling: Read twice- People spend time for earning money and the same money is spent for spending time!;-) Good morning.. keep smiling:-),ham
My tuition is at 330. Hm we go for the 1120 to 1205 one? Do you mind?,ham
&lt;#&gt;  great loxahatchee xmas tree burning update: you can totally see stars here,ham
"wow. You're right! I didn't mean to do that. I guess once i gave up on boston men and changed my search location to nyc, something changed. Cuz on my signin page it still says boston.",ham
"Well, i'm glad you didn't find it totally disagreeable ... Lol",ham
Morning only i can ok.,ham
But am going to college pa. What to do. are else ill come there it self. Pa.,ham
Thanks for your message. I really appreciate your sacrifice. I'm not sure of the process of direct pay but will find out on my way back from the test tomorrow. I'm in class now. Do have a wonderful day.,ham
K:)all the best:)congrats...,ham
U WILL SWITCH YOUR FONE ON DAMMIT!!,ham
Who's there say hi to our drugdealer,ham
Squeeeeeze!! This is christmas hug.. If u lik my frndshp den hug me back.. If u get 3 u r cute:) 6 u r luvd:* 9 u r so lucky;) None? People hate u:,ham
Any pain on urination any thing else?,ham
As a Registered Subscriber yr draw 4 a £100 gift voucher will b entered on receipt of a correct ans. When are the next olympics. Txt ans to 80062,spam
"Did you say bold, then torch later. Or one torch and 2bold?",ham
Ma head dey swell oh. Thanks for making my day,ham
"Okay, good, no problem, and thanx!",ham
Dear how is chechi. Did you talk to her,ham
Oh gei. That happend to me in tron. Maybe ill dl it in 3d when its out,ham
Umma. Did she say anything,ham
Sounds like you have many talents! would you like to go on a dinner date next week?,ham
Ahhh. Work. I vaguely remember that! What does it feel like? Lol,ham
Dont know you bring some food,ham
"Hey. What happened? U switch off ur cell d whole day. This isnt good. Now if u do care, give me a call tomorrow.",ham
Printer is cool. I mean groovy. Wine is groovying,ham
You have won a Nokia 7250i. This is what you get when you win our FREE auction. To take part send Nokia to 86021 now. HG/Suite342/2Lands Row/W1JHL 16+,spam
My uncles in Atlanta. Wish you guys a great semester.,ham
Stop knowing me so well!,ham
"Ooh, 4got, i'm gonna start belly dancing in moseley weds 6.30 if u want 2 join me, they have a cafe too.",ham
"Helloooo... Wake up..! ""Sweet"" ""morning"" ""welcomes"" ""You"" ""Enjoy"" ""This Day"" ""with full of joy"".. ""GUD MRNG"".",ham
"Oh, yes, I've just been a little under the weather so i've kind of been coccooning at home",ham
Oh :-)only 4 outside players allowed to play know,ham
"Hungry gay guys feeling hungry and up 4 it, now. Call 08718730555 just 10p/min. To stop texts call 08712460324 (10p/min)",spam
"Thank You for calling.Forgot to say Happy Onam to you Sirji.I am fine here and remembered you when i met an insurance person.Meet You in Qatar Insha Allah.Rakhesh, ex Tata AIG who joined TISSCO,Tayseer.",ham
Speaking of does he have any cash yet?,ham
"Gosh that , what a pain. Spose I better come then.",ham
For The First Time In The History 'Need' 'Comfort' And 'Luxury' Are Sold At Same Price In India..!! Onion-Rs. &lt;#&gt;  Petrol-Rs. &lt;#&gt;  Beer-Rs. &lt;#&gt;  SHESIL  &lt;#&gt;,ham
"Sir, I need Velusamy sir's date of birth and company bank facilities details.",ham
"Sir, good morning. Hope you had a good weekend. I called to let you know that i was able to raise  &lt;#&gt;  from my dad. He however said he would make the rest available by mid feb. This amount is still quite short and i was hoping you would help. Do have a good day. Abiola",ham
cud u tell ppl im gona b a bit l8 cos 2 buses hav gon past cos they were full & im still waitin 4 1. Pete x,ham
Dont flatter yourself... Tell that man of mine two pints of carlin in ten minutes please....,ham
yeah sure thing mate haunt got all my stuff sorted but im going sound anyway promoting hex for .by the way who is this? dont know number. Joke,ham
"It's fine, imma get a drink or somethin. Want me to come find you?",ham
Yep then is fine 7.30 or 8.30 for ice age.,ham
"You are being contacted by our Dating Service by someone you know! To find out who it is, call from your mobile or landline 09064017305 PoBox75LDNS7",spam
Hui xin is in da lib.,ham
"whatever, im pretty pissed off.",ham
Try to do something dear. You read something for exams,ham
Please call our customer service representative on FREEPHONE 0808 145 4742 between 9am-11pm as you have WON a guaranteed £1000 cash or £5000 prize!,spam
Great News! Call FREEFONE 08006344447 to claim your guaranteed £1000 CASH or £2000 gift. Speak to a live operator NOW!,spam
I dont know oh. Hopefully this month.,ham
Thats cool. Where should i cum? On you or in you? :),ham
The search 4 happiness is 1 of d main sources of unhappiness! Accept life the way it comes! U will find happiness in every moment u live.,ham
I have a sore throat. It's scratches when I talk,ham
Sat right? Okay thanks...,ham
Your bill at 3 is £33.65 so thats not bad!,ham
"UpgrdCentre Orange customer, you may now claim your FREE CAMERA PHONE upgrade for your loyalty. Call now on 0207 153 9153. Offer ends 26th July. T&C's apply. Opt-out available",spam
"Thanks again for your reply today. When is ur visa coming in. And r u still buying the gucci and bags. My sister things are not easy, uncle john also has his own bills so i really need to think about how to make my own money. Later sha.",ham
"Aight, I'm chillin in a friend's room so text me when you're on the way",ham
&lt;#&gt;  in mca. But not conform.,ham
Can u get pic msgs to your phone?,ham
Yes..he is really great..bhaji told kallis best cricketer after sachin in world:).very tough to get out.,ham
"""Petey boy whereare you me and all your friendsare in theKingshead come down if you canlove Nic""",ham
Wow v v impressed. Have funs shopping!,ham
No no. I will check all rooms befor activities,ham
I've told you everything will stop. Just dont let her get dehydrated.,ham
Yeah but which is worse for i,ham
"Thanks, I'll keep that in mind",ham
Not directly behind... Abt 4 rows behind ü...,ham
I'm still looking for a car to buy. And have not gone 4the driving test yet.,ham
Ok lor... Sony ericsson salesman... I ask shuhui then she say quite gd 2 use so i considering...,ham
From tomorrow onwards eve 6 to 3 work.,ham
"I don't have anybody's number, I still haven't thought up a tactful way to ask alex",ham
If you don't respond imma assume you're still asleep and imma start calling n shit,ham
Yup i've finished c ü there...,ham
"""HEY HEY WERETHE MONKEESPEOPLE SAY WE MONKEYAROUND! HOWDY GORGEOUS, HOWU DOIN? FOUNDURSELF A JOBYET SAUSAGE?LOVE JEN XXX""",ham
"Sorry, I'll call later",ham
"You are everywhere dirt, on the floor, the windows, even on my shirt. And sometimes when i open my mouth, you are all that comes flowing out. I dream of my world without you, then half my chores are out too. A time of joy for me, lots of tv shows i.ll see. But i guess like all things you just must exist, like rain, hail and mist, and when my time here is done, you and i become one.",ham
(You didn't hear it from me),ham
Two teams waiting for some players,ham
Oops. 4 got that bit.,ham
", how's things? Just a quick question.",ham
Dnt worry...use ice pieces in a cloth pack.also take 2 tablets.,ham
U have a secret admirer who is looking 2 make contact with U-find out who they R*reveal who thinks UR so special-call on 09058094565,spam
Let there be snow. Let there be snow. This kind of weather brings ppl together so friendships can grow.,ham
No. 1 Nokia Tone 4 ur mob every week! Just txt NOK to 87021. 1st Tone FREE ! so get txtin now and tell ur friends. 150p/tone. 16 reply HL 4info,spam
Wot is u up 2 then bitch?,ham
soon you will have the real thing princess! Do i make you wet? :),ham
"HELLOGORGEOUS, HOWS U? MY FONE WAS ON CHARGE LST NITW WEN U TEXD ME. HOPEU AD A NICE WKEND AS IM SURE U DID LOOKIN 4WARD 2 C-IN U 2MRW LUV JAZ",ham
You only hate me. You can call any but you didnt accept even a single call of mine. Or even you messaged,ham
"Jay wants to work out first, how's 4 sound?",ham
Wat makes some people dearer is not just de happiness dat u feel when u meet them but de pain u feel when u miss dem!!!,ham
All e best 4 ur driving tmr :-),ham
Wait.i will come out.. &lt;#&gt;  min:),ham
"Hmmm ... I thought we said 2 hours slave, not 3 ... You are late ... How should I punish you ?",ham
"Plz note: if anyone calling from a mobile Co. &amp; asks u to type # &lt;#&gt;  or # &lt;#&gt; . Do not do so. Disconnect the call,coz it iz an attempt of 'terrorist' to make use of the sim card no. Itz confirmd by nokia n motorola n has been verified by CNN IBN.",ham
"Evening * v good if somewhat event laden. Will fill you in, don't you worry … Head * ok but throat * wrecked. See you at six then!",ham
"Hi. Wk been ok - on hols now! Yes on for a bit of a run. Forgot that i have hairdressers appointment at four so need to get home n shower beforehand. Does that cause prob for u?""",ham
No go. No openings for that room 'til after thanksgiving without an upcharge.,ham
You want to go?,ham
I surely dont forgot to come:)i will always be in touch in with you:-),ham
Am going to take bath ill place the key in window:-),ham
"What are you doing in langport? Sorry, but I'll probably be in bed by 9pm. It sucks being ill at xmas! When do you and go2sri lanka?",ham
Want the latest Video handset? 750 anytime any network mins? Half price line rental? Reply or call 08000930705 for delivery tomorrow,spam
Tell rob to mack his gf in the theater,ham
Leaving to qatar tonite in search of an opportunity.all went fast.pls add me in ur prayers dear.Rakhesh,ham
Mm so you asked me not to call radio,ham
"Sorry vikky, i'm Watching olave mandara movie kano in trishul theatre wit my frnds..",ham
Why de. You looking good only:-)..,ham
"Haha just kidding, papa needs drugs",ham
THING R GOOD THANX GOT EXAMS IN MARCH IVE DONE NO REVISION? IS FRAN STILL WITH BOYF? IVE GOTTA INTERVIW 4 EXETER BIT WORRIED!x,ham
"Honey, can you pls find out how much they sell Predicte in Nigeria. And how many times can it be used. Its very important to have a reply before monday",ham
"Ya, told..she was asking wats matter?",ham
Annoying isn't it.,ham
Congratulations ur awarded either a yrs supply of CDs from Virgin Records or a Mystery Gift GUARANTEED Call 09061104283 Ts&Cs www.smsco.net £1.50pm approx 3mins,spam
Long after I quit. I get on only like 5 minutes a day as it is.,ham
Pls dont restrict her from eating anythin she likes for the next two days.,ham
"Indians r poor but India is not a poor country. Says one of the swiss bank directors. He says that "" &lt;#&gt;  lac crore"" of Indian money is deposited in swiss banks which can be used for 'taxless' budget for  &lt;#&gt;  yrs. Can give  &lt;#&gt;  crore jobs to all Indians. From any village to Delhi 4 lane roads. Forever free power suply to more than  &lt;#&gt;  social projects. Every citizen can get monthly  &lt;#&gt; /- for  &lt;#&gt;  yrs. No need of World Bank &amp; IMF loan. Think how our money is blocked by rich politicians. We have full rights against corrupt politicians. Itna forward karo ki pura INDIA padhe.g.m.""",ham
Eat jap done oso aft ur lect wat... Ü got lect at 12 rite...,ham
"Hi babe its Jordan, how r u? Im home from abroad and lonely, text me back if u wanna chat xxSP visionsms.com Text stop to stopCost 150p 08712400603",spam
Nan sonathaya soladha. Why boss?,ham
U having lunch alone? I now so bored...,ham
Cashbin.co.uk (Get lots of cash this weekend!) www.cashbin.co.uk Dear Welcome to the weekend We have got our biggest and best EVER cash give away!! These..,spam
Din i tell u jus now 420,ham
He remains a bro amongst bros,ham
"If i let you do this, i want you in the house by 8am.",ham
Your dad is back in ph?,ham
Yup. Thk of u oso boring wat.,ham
Are you available for soiree on June 3rd?,ham
"Congrats 2 mobile 3G Videophones R yours. call 09063458130 now! videochat wid ur mates, play java games, Dload polypH music, noline rentl. bx420. ip4. 5we. 150p",spam
Talk With Yourself Atleast Once In A Day...!!! Otherwise You Will Miss Your Best FRIEND In This WORLD...!!! -Shakespeare- SHESIL  &lt;#&gt;,ham
When did you get to the library,ham
U say leh... Of course nothing happen lar. Not say v romantic jus a bit only lor. I thk e nite scenery not so nice leh.,ham
Not a lot has happened here. Feels very quiet. Beth is at her aunts and charlie is working lots. Just me and helen in at the mo. How have you been?,ham
Lol for real. She told my dad I have cancer,ham
"And that is the problem. You walk around in ""julianaland"" oblivious to what is going on around you. I say the same things constantly and they go in one ear and out the other while you go off doing whatever you want to do. It's not that you don't know why I'm upset--it's that you don't listen when i tell you WHAT is going to upset me. Then you want to be surprised when I'm mad.",ham
New car and house for my parents.:)i have only new job in hand:),ham
How will I creep on you now? ;_;,ham
Hey so this sat are we going for the intro pilates only? Or the kickboxing too?,ham
Sorry that was my uncle. I.ll keep in touch,ham
Hey what are you doing. Y no reply pa..,ham
You didn't have to tell me that...now i'm thinking. Plus he's going to stop all your runs,ham
I know she called me,ham
Midnight at the earliest,ham
Freemsg: 1-month unlimited free calls! Activate SmartCall Txt: CALL to No: 68866. Subscriptn3gbp/wk unlimited calls Help: 08448714184 Stop?txt stop landlineonly,spam
I'm thinking that chennai forgot to come for auction..,ham
U 447801259231 have a secret admirer who is looking 2 make contact with U-find out who they R*reveal who thinks UR so special-call on 09058094597,spam
"Night has ended for another day, morning has come in a special way. May you smile like the sunny rays and leaves your worries at the blue blue bay.",ham
Have you finished work yet? :),ham
You have 1 new message. Please call 08718738034.,spam
"Very strange.  and  are watching the 2nd one now but i'm in bed. Sweet dreams, miss u",ham
"Final Chance! Claim ur £150 worth of discount vouchers today! Text YES to 85023 now! SavaMob, member offers mobile! T Cs SavaMob POBOX84, M263UZ. £3.00 Subs 16",spam
Yeh. Indians was nice. Tho it did kane me off a bit he he. We shud go out 4 a drink sometime soon. Mite hav 2 go 2 da works 4 a laugh soon. Love Pete x x,ham
I love your ass! Do you enjoy doggy style? :),ham
Or maybe my fat fingers just press all these buttons and it doesn't know what to do.,ham
No need to ke qi... Ü too bored izzit y suddenly thk of this...,ham
Ü all write or wat..,ham
Desires- u going to doctor 4 liver. And get a bit stylish. Get ur hair managed. Thats it.,ham
Oh k.i think most of wi and nz players unsold.,ham
The hair cream has not been shipped.,ham
Webpage s not available!,ham
You do what all you like,ham
Was it something u ate?,ham
"Hey babe, sorry i didn't get sooner. Gary can come and fix it cause he thinks he knows what it is but he doesn't go as far a Ptbo and he says it will cost  &lt;#&gt;  bucks. I don't know if it might be cheaper to find someone there ? We don't have any second hand machines at all right now, let me know what you want to do babe",ham
"HOT LIVE FANTASIES call now 08707509020 Just 20p per min NTT Ltd, PO Box 1327 Croydon CR9 5WB 0870..k",spam
Hey whats up? U sleeping all morning?,ham
"Pls send me a comprehensive mail about who i'm paying, when and how much.",ham
Hey what happen de. Are you alright.,ham
If india win or level series means this is record:),ham
Po de :-):):-):-):-). No need job aha.,ham
In which place do you want da.,ham
"Funny fact Nobody teaches volcanoes 2 erupt, tsunamis 2 arise, hurricanes 2 sway aroundn no 1 teaches hw 2 choose a wife Natural disasters just happens",ham
U gd lor go shopping i got stuff to do. U wan 2 watch infernal affairs a not? Come lar...,ham
"Ok, be careful ! Don't text and drive !",ham
What u talking bout early morning? It's almost noon where your at!,ham
"""GRAN ONLYFOUND OUT AFEW DAYS AGO.CUSOON HONI""",ham
"FREE MESSAGE Activate your 500 FREE Text Messages by replying to this message with the word FREE For terms & conditions, visit www.07781482378.com",spam
Your daily text from me – a favour this time,ham
Huh? 6 also cannot? Then only how many mistakes?,ham
Oh shut it. Omg yesterday I had a dream that I had 2 kids both boys. I was so pissed. Not only about the kids but them being boys. I even told mark in my dream that he was changing diapers cause I'm not getting owed in the face.,ham
Hi babe its me thanks for coming even though it didnt go that well!i just wanted my bed! Hope to see you soon love and kisses xxx,ham
it to 80488. Your 500 free text messages are valid until 31 December 2005.,spam
Studying. But i.ll be free next weekend.,ham
How much are we getting?,ham
Text & meet someone sexy today. U can find a date or even flirt its up to U. Join 4 just 10p. REPLY with NAME & AGE eg Sam 25. 18 -msg recd@thirtyeight pence,spam
"Could you not read me, my Love ? I answered you",ham
So ü'll be submitting da project tmr rite?,ham
I notice you like looking in the shit mirror youre turning into a right freak,ham
Gud mrng dear hav a nice day,ham
Hahaha..use your brain dear,ham
K..k:)how much does it cost?,ham
Sitting in mu waiting for everyone to get out of my suite so I can take a shower,ham
No plm i will come da. On the way.,ham
:-) :-),ham
Nope thats fine. I might have a nap tho!,ham
Wat time ü finish?,ham
Wait 2 min..stand at bus stop,ham
LOL ... No just was busy,ham
"Goodmorning, Today i am late for  &lt;#&gt; min.",ham
Hope you are having a great day.,ham
Book which lesson? then you msg me... I will call up after work or sth... I'm going to get specs. My membership is PX3748,ham
Have you seen who's back at Holby?!,ham
Ok k..sry i knw 2 siva..tats y i askd..,ham
When i have stuff to sell i.ll tell you,ham
The greatest test of courage on earth is to bear defeat without losing heart....gn tc,ham
Ok...,ham
"I'm tired of arguing with you about this week after week. Do what you want and from now on, i'll do the same.",ham
"Sorry man, my stash ran dry last night and I can't pick up more until sunday",ham
"Hi this is yijue, can i meet u at 11 tmr?",ham
sexy sexy cum and text me im wet and warm and ready for some porn! u up for some fun? THIS MSG IS FREE RECD MSGS 150P INC VAT 2 CANCEL TEXT STOP,spam
Ugh its been a long day. I'm exhausted. Just want to cuddle up and take a nap,ham
"Ola would get back to you maybe not today but I ve told him you can be his direct link in the US in getting cars he bids for online, you arrange shipping and you get a cut. Or U????? For a partnership where U????? Invest money for shipping and he takes care of the rest!U??Wud b self reliant soon dnt worry",ham
K I'll take care of it,ham
"Tick, tick, tick ... Babe",ham
Are you in castor? You need to see something,ham
Okie... Thanx...,ham
"The last thing i ever wanted to do was hurt you. And i didn't think it would have. You'd laugh, be embarassed, delete the tag and keep going. But as far as i knew, it wasn't even up. The fact that you even felt like i would do it to hurt you shows you really don't know me at all. It was messy wednesday, but it wasn't bad. The problem i have with it is you HAVE the time to clean it, but you choose not to. You skype, you take pictures, you sleep, you want to go out. I don't mind a few things here and there, but when you don't make the bed, when you throw laundry on top of it, when i can't have a friend in the house because i'm embarassed that there's underwear and bras strewn on the bed, pillows on the floor, that's something else. You used to be good about at least making the bed.",ham
hi baby im cruisin with my girl friend what r u up 2? give me a call in and hour at home if thats alright or fone me on this fone now love jenny xxx,ham
Happy new year. Hope you are having a good semester,ham
Buy one egg for me da..please:),ham
Aight what time you want me to come up?,ham
What you need. You have a person to give na.,ham
No screaming means shouting..,ham
What happen dear tell me,ham
Haiyoh... Maybe your hamster was jealous of million,ham
"You've won tkts to the EURO2004 CUP FINAL or £800 CASH, to collect CALL 09058099801 b4190604, POBOX 7876150ppm",spam
"Aight text me when you're back at mu and I'll swing by, need somebody to get the door for me",ham
Don‘t give a flying monkeys wot they think and I certainly don‘t mind. Any friend of mine and all that!,ham
"LOL .. *grins* .. I'm not babe, but thanks for thinking of me!",ham
"Haha... Sounds crazy, dunno can tahan anot...",ham
LIFE has never been this much fun and great until you came in. You made it truly special for me. I won't forget you! enjoy @ one gbp/sms,spam
"Guy, no flash me now. If you go call me, call me. How madam. Take care oh.",ham
Is it your yahoo boys that bring in the perf? Or legal.,ham
Dunno lei... I might b eatin wif my frens... If ü wan to eat then i wait 4 ü lar,ham
This message is free. Welcome to the new & improved Sex & Dogging club! To unsubscribe from this service reply STOP. msgs@150p 18 only,spam
"Erm … ill pick you up at about 6.45pm. That'll give enough time to get there, park and that.",ham
"I know you are thinkin malaria. But relax, children cant handle malaria. She would have been worse and its gastroenteritis. If she takes enough to replace her loss her temp will reduce. And if you give her malaria meds now she will just vomit. Its a self limiting illness she has which means in a few days it will completely stop",ham
Great comedy..cant stop laughing da:),ham
Must come later.. I normally bathe him in da afternoon mah..,ham
Huh i cant thk of more oredi how many pages do we have?,ham
These won't do. Have to move on to morphine,ham
Auntie huai juan never pick up her phone,ham
Mom wants to know where you at,ham
Nt joking seriously i told,ham
The length is e same but e top shorter n i got a fringe now. I thk i'm not going liao. Too lazy. Dun wan 2 distract u also.,ham
Haha... can... But i'm having dinner with my cousin...,ham
"Thank you so much. When we skyped wit kz and sura, we didnt get the pleasure of your company. Hope you are good. We've given you ultimatum oh! We are countin down to aburo. Enjoy! This is the message i sent days ago",ham
I taught that Ranjith sir called me. So only i sms like that. Becaus hes verifying about project. Prabu told today so only pa dont mistake me..,ham
"Nothing, smsing u n xy lor. Sorry lor da guys neva c u in person but they sort of know u lor. So u wan 2 meet them xy ask me 2 bring u along 4 our next meeting.",ham
Not tonight mate. Catching up on some sleep. This is my new number by the way.,ham
"Come to mu, we're sorting out our narcotics situation",ham
Ok... Let u noe when i leave my house.,ham
Great! I have to run now so ttyl!,ham
He also knows about lunch menu only da. . I know,ham
"I just lov this line: ""Hurt me with the truth, I don't mind,i wil tolerat.bcs ur my someone..... But, Never comfort me with a lie"" gud ni8 and sweet dreams",ham
As usual u can call me ard 10 smth.,ham
Now press conference da:),ham
I love you. You set my soul on fire. It is not just a spark. But it is a flame. A big rawring flame. XoXo,ham
Mind blastin.. No more Tsunamis will occur from now on.. Rajnikant stopped swimming in Indian Ocean..:-D,ham
"Sorry, I'll call later",ham
"wiskey Brandy Rum Gin Beer Vodka Scotch Shampain Wine ""KUDI""yarasu dhina vaazhthukkal. ..",ham
"Today is ""song dedicated day.."" Which song will u dedicate for me? Send this to all ur valuable frnds but first rply me...",ham
I will reach office around  &lt;DECIMAL&gt; . &amp; my mobile have problem. You cann't get my voice. So call you asa i'll free,ham
Should i buy him a blackberry bold 2 or torch. Should i buy him new or used. Let me know. Plus are you saying i should buy the  &lt;#&gt; g wifi ipad. And what are you saying about the about the  &lt;#&gt; g?,ham
Oh k k:)but he is not a big hitter.anyway good,ham
Mm i am on the way to railway,ham
"Sorry,  in meeting I'll call you later",ham
We don call like  &lt;#&gt;  times oh. No give us hypertension oh.,ham
Am also doing in cbe only. But have to pay.,ham
Lol no ouch but wish i'd stayed out a bit longer,ham
The monthly amount is not that terrible and you will not pay anything till 6months after finishing school.,ham
"""ALRITE HUNNY!WOT U UP 2 2NITE? DIDNT END UP GOIN DOWN TOWN JUS DA PUB INSTEAD! JUS CHILLIN AT DA MO IN ME BEDROOM!LOVE JEN XXX.""",ham
Why i come in between you people,ham
Did u receive my msg?,ham
Would you like to see my XXX pics they are so hot they were nearly banned in the uk!,spam
True dear..i sat to pray evening and felt so.so i sms'd you in some time...,ham
"Edison has rightly said, ""A fool can ask more questions than a wise man can answer"" Now you know why all of us are speechless during ViVa.. GM,GN,GE,GNT:-)",ham
I am not having her number sir,ham
Where to get those?,ham
"Alright omw, gotta change my order to a half8th",ham
I AM AT THE GAS STATION. GO THERE.,ham
"Hi Shanil,Rakhesh here.thanks,i have exchanged the uncut diamond stuff.leaving back. Excellent service by Dino and Prem.",ham
We tried to call you re your reply to our sms for a video mobile 750 mins UNLIMITED TEXT + free camcorder Reply of call 08000930705 Now,spam
what I meant to say is cant wait to see u again getting bored of this bridgwater banter,ham
"It,,s a taxt massage....tie-pos argh ok! Lool!",ham
Ok then i come n pick u at engin?,ham
The basket's gettin full so I might be by tonight,ham
Stop the story. I've told him i've returned it and he's saying i should not re order it.,ham
"YOUR CHANCE TO BE ON A REALITY FANTASY SHOW call now = 08707509020 Just 20p per min NTT Ltd, PO Box 1327 Croydon CR9 5WB 0870 is a national = rate call",spam
Actually i deleted my old website..now i m blogging at magicalsongs.blogspot.com,ham
I called but no one pick up e phone. I ask both of them already they said ok.,ham
THIS IS A LONG FUCKIN SHOWR,ham
Ur ringtone service has changed! 25 Free credits! Go to club4mobiles.com to choose content now! Stop? txt CLUB STOP to 87070. 150p/wk Club4 PO Box1146 MK45 2WT,spam
If anyone calls for a treadmill say you'll buy it. Make sure its working. I found an ad on Craigslist selling for $ &lt;#&gt; .,ham
Dunno cos i was v late n when i reach they inside already... But we ate spageddies lor... It's e gals who r laughing at me lor...,ham
"Al he does is moan at me if n e thin goes wrong its my fault&al de arguments r my fault&fed up of him of himso y bother? Hav 2go, thanx.xx",ham
Come to my home for one last time i wont do anything. Trust me.,ham
That's good. Lets thank God. Please complete the drug. Have lots of water. And have a beautiful day.,ham
No prob. I will send to your email.,ham
I'm putting it on now. It should be ready for  &lt;TIME&gt;,ham
Want explicit SEX in 30 secs? Ring 02073162414 now! Costs 20p/min Gsex POBOX 2667 WC1N 3XX,spam
"What i mean was i left too early to check, cos i'm working a 9-6.",ham
Nah dub but je still buff,ham
"Buzz! Hey, my Love ! I think of you and hope your day goes well. Did you sleep in ? I miss you babe. I long for the moment we are together again*loving smile*",ham
3 pa but not selected.,ham
You still at grand prix?,ham
Ü give me some time to walk there.,ham
Lol ok ill try to send. Be warned Sprint is dead slow. You'll prolly get it tomorrow,ham
"Not yet chikku..going to room nw, i'm in bus..",ham
I got to video tape pple type in message lor. U so free wan 2 help me? Hee... Cos i noe u wan 2 watch infernal affairs so ask u along. Asking shuhui oso.,ham
"Spook up your mob with a Halloween collection of a logo & pic message plus a free eerie tone, txt CARD SPOOK to 8007 zed 08701417012150p per logo/pic",spam
YES! The only place in town to meet exciting adult singles is now in the UK. Txt CHAT to 86688 now! 150p/Msg.,spam
Hello which the site to download songs its urgent pls,ham
All sounds good. Fingers . Makes it difficult to type,ham
watever reLation u built up in dis world only thing which remains atlast iz lonlines with lotz n lot memories! feeling..,ham
Urgent! Please call 09061213237 from a landline. £5000 cash or a 4* holiday await collection. T &Cs SAE PO Box 177 M227XY. 16+,spam
The greatest test of courage on earth is to bear defeat without losing heart....gn tc,ham
Prepare to be pounded every night...,ham
Yeah he got in at 2 and was v apologetic. n had fallen out and she was actin like spoilt child and he got caught up in that. Till 2! But we won't go there! Not doing too badly cheers. You?,ham
JADE ITS PAUL. Y DIDNT U TXT ME? DO U REMEMBER ME FROM BARMED? I WANT 2 TALK 2 U! TXT ME,ham
What you doing?how are you?,ham
SERIOUSLY. TELL HER THOSE EXACT WORDS RIGHT NOW.,ham
I'm home...,ham
"Urgent! call 09066612661 from landline. Your complementary 4* Tenerife Holiday or £10,000 cash await collection SAE T&Cs PO Box 3 WA14 2PX 150ppm 18+ Sender: Hol Offer",spam
Send a logo 2 ur lover - 2 names joined by a heart. Txt LOVE NAME1 NAME2 MOBNO eg LOVE ADAM EVE 07123456789 to 87077 Yahoo! POBox36504W45WQ TxtNO 4 no ads 150p.,spam
Happy birthday... May all ur dreams come true...,ham
"Im sorry bout last nite it wasnt ur fault it was me, spouse it was pmt or sumthin! U 4give me? I think u shldxxxx",ham
Im done. Just studyn in library,ham
Omg if its not one thing its another. My cat has worms :/ when does this bad day end?,ham
I attended but nothing is there.,ham
"For ur chance to win a £250 cash every wk TXT: ACTION to 80608. T's&C's www.movietrivia.tv custcare 08712405022, 1x150p/wk.",spam
Wen did you get so spiritual and deep. That's great,ham
I was at bugis juz now wat... But now i'm walking home oredi... Ü so late then reply... I oso saw a top dat i like but din buy... Where r ü now?,ham
"Nah, I'm a perpetual DD",ham
No let me do the math. Your not good at it.,ham
Ok lor. Anyway i thk we cant get tickets now cos like quite late already. U wan 2 go look 4 ur frens a not? Darren is wif them now...,ham
1Apple/Day=No Doctor. 1Tulsi Leaf/Day=No Cancer. 1Lemon/Day=No Fat. 1Cup Milk/day=No Bone Problms 3 Litres Watr/Day=No Diseases Snd ths 2 Whom U Care..:-),ham
Me fine..absolutly fine,ham
"I have 2 sleeping bags, 1 blanket and paper and  phone details. Anything else?",ham
Have you emigrated or something? Ok maybe 5.30 was a bit hopeful...,ham
Did you catch the bus ? Are you frying an egg ? Did you make a tea? Are you eating your mom's left over dinner ? Do you feel my Love ?,ham
Bognor it is! Should be splendid at this time of year.,ham
Let me know how it changes in the next 6hrs. It can even be appendix but you are out of that age range. However its not impossible. So just chill and let me know in 6hrs,ham
Pls send me your address sir.,ham
CLAIRE here am havin borin time & am now alone U wanna cum over 2nite? Chat now 09099725823 hope 2 C U Luv CLAIRE xx Calls£1/minmoremobsEMSPOBox45PO139WA,spam
I forgot 2 ask ü all smth.. There's a card on da present lei... How? Ü all want 2 write smth or sign on it?,ham
Yes :)it completely in out of form:)clark also utter waste.,ham
"Orange brings you ringtones from all time Chart Heroes, with a free hit each week! Go to Ringtones & Pics on wap. To stop receiving these tips reply STOP.",spam
Hello hun how ru? Its here by the way. Im good. Been on 2 dates with that guy i met in walkabout so far. We have to meet up soon. Hows everyone else?,ham
Customer place i will call you.,ham
"Sez, hows u & de arab boy? Hope u r all good give my love 2 evry1 love ya eshxxxxxxxxxxx",ham
I'd like to tell you my deepest darkest fantasies. Call me 09094646631 just 60p/min. To stop texts call 08712460324 (nat rate),spam
Message Important information for O2 user. Today is your lucky day! 2 find out why log onto http://www.urawinner.com there is a fantastic surprise awaiting you,spam
"Ill call u 2mrw at ninish, with my address that icky American freek wont stop callin me 2 bad Jen k eh?",ham
"Yeah, don't go to bed, I'll be back before midnight",ham
"We know TAJ MAHAL as symbol of love. But the other lesser known facts 1. Mumtaz was Shahjahan's 4th wife, out of his 7 wifes. 2. Shahjahan killed Mumtaz's husband to marry her. 3. Mumtaz died in her  &lt;#&gt; th delivery. 4. He then married Mumtaz's sister. Question arises where the Hell is the LOVE?:-| -The Great Hari-",ham
I liked the new mobile,ham
"Lemme know when I can swing by and pick up, I'm free basically any time after 1 all this semester",ham
Long time. You remember me today.,ham
Tmrw. Im finishing 9 doors,ham
No. To be nosy I guess. Idk am I over reacting if I'm freaked?,ham
ARR birthday today:) i wish him to get more oscar.,ham
"Aight, let me know when you're gonna be around usf",ham
Dun b sad.. It's over.. Dun thk abt it already. Concentrate on ur other papers k.,ham
Were gonna go get some tacos,ham
FREE>Ringtone! Reply REAL or POLY eg REAL1 1. PushButton 2. DontCha 3. BabyGoodbye 4. GoldDigger 5. WeBeBurnin 1st tone FREE and 6 more when u join for £3/wk,spam
"To the wonderful Okors, have a great month. We cherish you guys and wish you well each day. MojiBiola",ham
No. Its not specialisation. Can work but its slave labor. Will look for it this month sha cos no shakara 4 beggar.,ham
"Lol ... Oh no babe, I wont be sliding into your place after midnight, but thanks for the invite",ham
No did you check? I got his detailed message now,ham
Okay. I've seen it. So i should pick it on friday?,ham
"Its good, we'll find a way",ham
We left already we at orchard now.,ham
From here after The performance award is calculated every two month.not for current one month period..,ham
Going on nothing great.bye,ham
What time is ur flight tmr?,ham
Just sleeping..and surfing,ham
Hi here. have birth at on the  to  at 8lb 7oz. Mother and baby doing brilliantly.,ham
O we cant see if we can join denis and mina? Or does denis want alone time,ham
Bring it if you got it,ham
Yes princess! I want to make you happy...,ham
Fancy a shag? I do.Interested? sextextuk.com txt XXUK SUZY to 69876. Txts cost 1.50 per msg. TnCs on website. X,spam
"FreeMSG You have been awarded a FREE mini DIGITAL CAMERA, just reply SNAP to collect your prize! (quizclub Opt out? Stop 80122300p/wk SP:RWM Ph:08704050406)",spam
How much r ü willing to pay?,ham
"Haven't found a way to get another app for your phone, eh ? Will you go to the net cafe ? Did you take that job? Geeee I need you babe. I crave to see you ...",ham
Hey!!! I almost forgot ... Happy B-day babe ! I love ya!!,ham
"Yeah, we can probably swing by once my roommate finishes up with his girl",ham
"Yo, you at jp and hungry like a mofo?",ham
Wat ü doing now?,ham
"Dude u knw also telugu..thts gud..k, gud nyt..",ham
Today i'm not workin but not free oso... Gee... Thgt u workin at ur fren's shop ?,ham
U are subscribed to the best Mobile Content Service in the UK for £3 per 10 days until you send STOP to 82324. Helpline 08706091795,spam
Nothin comes to my mind. Ü help me buy hanger lor. Ur laptop not heavy?,ham
Burger King - Wanna play footy at a top stadium? Get 2 Burger King before 1st Sept and go Large or Super with Coca-Cola and walk out a winner,spam
You're not sure that I'm not trying to make xavier smoke because I don't want to smoke after being told I smoke too much?,ham
A pure hearted person can have a wonderful smile that makes even his/her enemies to feel guilty for being an enemy.. So catch the world with your smile..:) GOODMORNING &amp; HAVE A SMILEY SUNDAY..:),ham
Still chance there. If you search hard you will get it..let have a try :),ham
"Since when, which side, any fever, any vomitin.",ham
Wish u many many returns of the day.. Happy birthday vikky..,ham
I am not having her number sir,ham
Fuck babe ... What happened to you ? How come you never came back?,ham
We r outside already.,ham
GENT! We are trying to contact you. Last weekends draw shows that you won a £1000 prize GUARANTEED. Call 09064012160. Claim Code K52. Valid 12hrs only. 150ppm,spam
"Hey ! I want you ! I crave you ! I miss you ! I need you ! I love you, Ahmad Saeed al Hallaq ...",ham
SMS SERVICES For your inclusive text credits pls gotto www.comuk.net login 3qxj9 unsubscribe with STOP no extra charge help 08702840625 comuk.220cm2 9AE,spam
In e msg jus now. U said thanks for gift.,ham
Ok i msg u b4 i leave my house.,ham
Hi good mornin.. Thanku wish u d same..,ham
Rats. Hey did u ever vote for the next themes?,ham
Rofl. Its true to its name,ham
"Its ok, called mom instead have fun",ham
Chk in ur belovd ms dict,ham
"URGENT, IMPORTANT INFORMATION FOR O2 USER. TODAY IS YOUR LUCKY DAY! 2 FIND OUT WHY LOG ONTO HTTP://WWW.URAWINNER.COM THERE IS A FANTASTIC SURPRISE AWAITING FOR YOU",spam
Dunno i juz askin cos i got a card got 20% off 4 a salon called hair sense so i tot it's da one ü cut ur hair.,ham
Ok... But they said i've got wisdom teeth hidden inside n mayb need 2 remove.,ham
"Come to me right now, Ahmad",ham
I dont have any of your file in my bag..i was in work when you called me.i 'll tell you if i find anything in my room.,ham
PRIVATE! Your 2003 Account Statement for shows 800 un-redeemed S. I. M. points. Call 08715203652 Identifier Code: 42810 Expires 29/10/0,spam
Ok... The theory test? when are ü going to book? I think it's on 21 may. Coz thought wanna go out with jiayin. But she isnt free,ham
Thank u. IT BETTER WORK OUT CAUSE I WILL FEEL USED OTHERWISE,ham
Lol ... I knew that .... I saw him in the dollar store,ham
Anything is valuable in only 2 situations: First- Before getting it... Second- After loosing it...,ham
My birthday is on feb  &lt;#&gt;  da. .,ham
"Oh, my love, it's soooo good to hear from you. Omg I missed you so much today. I'm sorry your having problems with the provider but thank you for tming me",ham
"I sent you the prices and do you mean the  &lt;#&gt; g,",ham
Kind of. Took it to garage. Centre part of exhaust needs replacing. Part ordered n taking it to be fixed tomo morning.,ham
Ya that one is slow as poo,ham
"Isn't frnd a necesity in life? imagine urself witout a frnd.. hw'd u feel at ur colleg? wat'll u do wth ur cell? wat abt functions? thnk abt events espe'll cared, missed &amp; irritated u? 4wrd it to all those dear-loving frnds wthout whom u cant live.. I jst did it.. Takecare..:) GOODMORNING",ham
R ü going 4 today's meeting?,ham
"We know someone who you know that fancies you. Call 09058097218 to find out who. POBox 6, LS15HB 150p",spam
When are you guys leaving?,ham
Let me know when you've got the money so carlos can make the call,ham
To day class is there are no class.,ham
Thank you. do you generally date the brothas?,ham
Does daddy have a bb now.,ham
"Japanese Proverb: If one Can do it, U too Can do it, If none Can do it,U must do it Indian version: If one Can do it, LET HIM DO it.. If none Can do it,LEAVE it!! And finally Kerala version: If one can do it, Stop him doing it.. If none can do it, Make a strike against it ...",ham
Can come my room but cannot come my house cos my house still messy... Haha...,ham
I fetch yun or u fetch?,ham
Nt yet chikku..simple habba..hw abt u?,ham
How much is blackberry bold2 in nigeria.,ham
No problem with the renewal. I.ll do it right away but i dont know his details.,ham
Went fast asleep dear.take care.,ham
"Oh really? perform, write a paper, go to a movie AND be home by midnight, huh?",ham
I wont. So wat's wit the guys,ham
Send me the new number,ham
K:)i will give my kvb acc details:),ham
Pls pls find out from aunt nike.,ham
Happy new year to u too!,ham
"Friendship is not a game to play, It is not a word to say, It doesn\'t start on March and ends on May, It is tomorrow, yesterday, today and e",ham
The beauty of life is in next second.. which hides thousands of secrets. I wish every second will be wonderful in ur life...!! gud n8,ham
Free Msg: Ringtone!From: http://tms. widelive.com/index. wml?id=1b6a5ecef91ff9*37819&first=true18:0430-JUL-05,spam
"I want to show you the world, princess :) how about europe?",ham
Or better still can you catch her and let ask her if she can sell  &lt;#&gt;  for me.,ham
What makes you most happy?,ham
"Eerie Nokia tones 4u, rply TONE TITLE to 8007 eg TONE DRACULA to 8007 Titles: GHOST, ADDAMSFA, MUNSTERS, EXORCIST, TWILIGHT www.getzed.co.uk POBox36504W45WQ 150p",spam
"""CHA QUITEAMUZING THATSCOOL BABE,PROBPOP IN & CU SATTHEN HUNNY 4BREKKIE! LOVE JEN XXX. PSXTRA LRG PORTIONS 4 ME PLEASE """,ham
Jus finish bathing...,ham
How come it takes so little time for a child who is afraid of the dark to become a teenager who wants to stay out all night?,spam
Thanks a lot for your wishes on my birthday. Thanks you for making my birthday truly memorable.,ham
Oh k...i'm watching here:),ham
Aft i finish my lunch then i go str down lor. Ard 3 smth lor. U finish ur lunch already?,ham
We're done...,ham
"Wen ur lovable bcums angry wid u, dnt take it seriously.. Coz being angry is d most childish n true way of showing deep affection, care n luv!.. kettoda manda... Have nice day da.",ham
2/2 146tf150p,spam
"Say this slowly.? GOD,I LOVE YOU &amp; I NEED YOU,CLEAN MY HEART WITH YOUR BLOOD.Send this to Ten special people &amp; u c miracle tomorrow, do it,pls,pls do it...",ham
Just taste fish curry :-P,ham
"Hey doc pls I want to get nice t shirt for my hubby nice fiting ones my budget is  &lt;#&gt; k help pls I will load d card abi hw,keep me posted luv. 2 mj",ham
So i'm doing a list of buyers.,ham
When you are big..| God will bring success.,ham
"Ta-Daaaaa! I am home babe, are you still up ?",ham
"Very hurting n meaningful lines ever: ""I compromised everything for my love, But at d end my love compromised me for everything:-("".. Gud mornin:-)",ham
Raji..pls do me a favour. Pls convey my Birthday wishes to Nimya. Pls. Today is her birthday.,ham
Yes I started to send requests to make it but pain came back so I'm back in bed. Double coins at the factory too. I gotta cash in all my nitros.,ham
"FREE RING TONE just text ""POLYS"" to 87131. Then every week get a new tone. 0870737910216yrs only £1.50/wk.",spam
What * u wearing?,ham
What's the significance?,ham
88066 FROM 88066 LOST 3POUND HELP,spam
"Coffee cake, i guess...",ham
Its a part of checking IQ,ham
Yup i thk they r e teacher said that will make my face look longer. Darren ask me not 2 cut too short.,ham
"Men always needs a beautiful, intelligent, caring, loving, adjustable, cooperative wife. But the law allows only one wife....",ham
Wanna have a laugh? Try CHIT-CHAT on your mobile now! Logon by txting the word: CHAT and send it to No: 8883 CM PO Box 4217 London W1A 6ZF 16+ 118p/msg rcvd,spam
"Sure, whenever you show the fuck up &gt;:(",ham
This message is free. Welcome to the new & improved Sex & Dogging club! To unsubscribe from this service reply STOP. msgs@150p 18+only,spam
"I keep seeing weird shit and bein all ""woah"" then realising it's actually reasonable and I'm all ""oh""",ham
K and you're sure I don't have to have consent forms to do it :V,ham
I dont know ask to my brother. Nothing problem some thing that. Just i told .,ham
Yar he quite clever but aft many guesses lor. He got ask me 2 bring but i thk darren not so willing 2 go. Aiya they thk leona still not attach wat.,ham
Whats the staff name who is taking class for us?,ham
Lol I would but my mom would have a fit and tell the whole family how crazy and terrible I am,ham
I need to come home and give you some good lovin...,ham
Erm. I thought the contract ran out the4th of october.,ham
"""SYMPTOMS"" when U are in love: ""1.U like listening songs 2.U get stopped where u see the name of your beloved 3.U won't get angry when your",ham
Im just wondering what your doing right now?,ham
A little. Meds say take once every 8 hours. It's only been 5 but pain is back. So I took another. Hope I don't die,ham
No sir. That's why i had an 8-hr trip on the bus last week. Have another audition next wednesday but i think i might drive this time.,ham
I finished my lunch already. U wake up already?,ham
"Congrats! 2 mobile 3G Videophones R yours. call 09061744553 now! videochat wid ur mates, play java games, Dload polyH music, noline rentl. bx420. ip4. 5we. 150pm",spam
+123 Congratulations - in this week's competition draw u have won the £1450 prize to claim just call 09050002311 b4280703. T&Cs/stop SMS 08718727868. Over 18 only 150ppm,spam
Hai dear friends... This is my new &amp; present number..:) By Rajitha Raj (Ranju),ham
I sent them. Do you like?,ham
Purity of friendship between two is not about smiling after reading the forwarded message..Its about smiling just by seeing the name. Gud evng,ham
i dnt wnt to tlk wid u,ham
yes baby! I need to stretch open your pussy!,ham
"Say this slowly.? GOD,I LOVE YOU &amp; I NEED YOU,CLEAN MY HEART WITH YOUR BLOOD.Send this to Ten special people &amp; u c miracle tomorrow, do it,pls,pls do it...",ham
Horrible gal. Me in sch doing some stuff. How come u got mc?,ham
"Had your contract mobile 11 Mnths? Latest Motorola, Nokia etc. all FREE! Double Mins & Text on Orange tariffs. TEXT YES for callback, no to remove from records.",spam
how are you? I miss you!,ham
Havent mus ask if u can 1st wat. Of meet 4 lunch den u n him meet can already lor. Or u wan 2 go ask da ge 1st then confirm w me asap?,ham
We tried to contact you re your reply to our offer of a Video Handset? 750 anytime networks mins? UNLIMITED TEXT? Camcorder? Reply or call 08000930705 NOW,spam
"Loan for any purpose £500 - £75,000. Homeowners + Tenants welcome. Have you been previously refused? We can still help. Call Free 0800 1956669 or text back 'help'",spam
I think it's all still in my car,ham
I can make lasagna for you... vodka...,ham
I to am looking forward to all the sex cuddling.. Only two more sleeps,ham
Oh thanks a lot..i already bought 2 eggs ..,ham
Joy's father is John. Then John is the ____ of Joy's father. If u ans ths you hav  &lt;#&gt;  IQ. Tis s IAS question try to answer.,ham
Hey. You got any mail?,ham
Oh ic. I thought you meant mary jane.,ham
"Sorry,in meeting I'll call later",ham
YO YO YO BYATCH WHASSUP?,ham
Dorothy@kiefer.com (Bank of Granite issues Strong-Buy) EXPLOSIVE PICK FOR OUR MEMBERS *****UP OVER 300% *********** Nasdaq Symbol CDGT That is a $5.00 per..,spam
Nationwide auto centre (or something like that) on Newport road. I liked them there,ham
You bad girl. I can still remember them,ham
What time you thinkin of goin?,ham
All was well until slightly disastrous class this pm with my fav darlings! Hope day off ok. Coffee wld be good as can't stay late tomorrow. Same time + place as always?,ham
Most of the tiime when i don't let you hug me it's so i don't break into tears.,ham
Okie,ham
R u in this continent?,ham
"Also sir, i sent you an email about how to log into the usc payment portal. I.ll send you another message that should explain how things are back home. Have a great weekend.",ham
Free video camera phones with Half Price line rental for 12 mths and 500 cross ntwk mins 100 txts. Call MobileUpd8 08001950382 or Call2OptOut/674&,spam
Are you willing to go for aptitude class.,ham
"Text me when you get off, don't call, my phones having problems",ham
Lol! U drunkard! Just doing my hair at d moment. Yeah still up 4 tonight. Wats the plan?,ham
Promotion Number: 8714714 - UR awarded a City Break and could WIN a £200 Summer Shopping spree every WK. Txt STORE to 88039 . SkilGme. TsCs087147403231Winawk!Age16 £1.50perWKsub,spam
So the sun is anti sleep medicine.,ham
"Dear,shall mail tonite.busy in the street,shall update you tonite.things are looking ok.varunnathu edukkukayee raksha ollu.but a good one in real sense.",ham
Ok lor. I'm in town now lei.,ham
How are you. Its been ages. How's abj,ham
I'm in school now n i'll be in da lab doing some stuff give me a call when ü r done.,ham
I plane to give on this month end.,ham
"Sir, I need AXIS BANK account no and bank address.",ham
"Sure, I'll see if I can come by in a bit",ham
"Thanx. Yup we coming back on sun. Finish dinner going back 2 hotel now. Time flies, we're tog 4 exactly a mth today. Hope we'll haf many more mths to come...",ham
Hey check it da. I have listed da.,ham
Hi neva worry bout da truth coz the truth will lead me 2 ur heart. Its the least a unique person like u deserve. Sleep tight or morning,ham
Did u fix the teeth?if not do it asap.ok take care.,ham
"Rose needs water, season needs change, poet needs imagination..My phone needs ur sms and i need ur lovely frndship forever....",ham
I thank you so much for all you do with selflessness. I love you plenty.,ham
Hi..i got the money da:),ham
"Beautiful Truth against Gravity.. Read carefully: ""Our heart feels light when someone is in it.. But it feels very heavy when someone leaves it.."" GOOD NIGHT",ham
Gr8 new service - live sex video chat on your mob - see the sexiest dirtiest girls live on ur phone - 4 details text horny to 89070 to cancel send STOP to 89070,spam
Ok...,ham
Hi if ur lookin 4 saucy daytime fun wiv busty married woman Am free all next week Chat now 2 sort time 09099726429 JANINExx Calls£1/minMobsmoreLKPOBOX177HP51FL,spam
You could have seen me..i did't recognise you Face.:),ham
Oops I was in the shower when u called. Hey a parking garage collapsed at university hospital. See I'm not crazy. Stuff like that DOES happen.,ham
Sweet heart how are you?,ham
It is a good thing I'm now getting the connection to bw,ham
Are you planning to come chennai?,ham
if you text on your way to cup stop that should work. And that should be BUS,ham
Umma my life and vava umma love you lot dear,ham
YOU ARE CHOSEN TO RECEIVE A £350 AWARD! Pls call claim number 09066364311 to collect your award which you are selected to receive as a valued mobile customer.,spam
So your telling me I coulda been your real Valentine and I wasn't? U never pick me for NOTHING!!,ham
Ok then i will come to ur home after half an hour,ham
K..k:)how about your training process?,ham
"Come to me, slave. Your doing it again ... Going into your shell and unconsciously avoiding me ... You are making me unhappy :-(",ham
Its a great day. Do have yourself a beautiful one.,ham
Yes..he is really great..bhaji told kallis best cricketer after sachin in world:).very tough to get out.,ham
U R THE MOST BEAUTIFUL GIRL IVE EVER SEEN. U R MY BABY COME AND C ME IN THE COMMON ROOM,ham
"I want some cock! My hubby's away, I need a real man 2 satisfy me. Txt WIFE to 89938 for no strings action. (Txt STOP 2 end, txt rec £1.50ea. OTBox 731 LA1 7WS. )",spam
Too late. I said i have the website. I didn't i have or dont have the slippers,ham
U r too much close to my heart. If u go away i will be shattered. Plz stay with me.,ham
That's my honeymoon outfit. :),ham
Yay! You better not have told that to 5 other girls either.,ham
Networking technical support associate.,ham
"Hello my boytoy ... Geeee I miss you already and I just woke up. I wish you were here in bed with me, cuddling me. I love you ...",ham
"Hi, this is Mandy Sullivan calling from HOTMIX FM...you are chosen to receive £5000.00 in our Easter Prize draw.....Please telephone 09041940223 to claim before 29/03/05 or your prize will be transferred to someone else....",spam
HMV BONUS SPECIAL 500 pounds of genuine HMV vouchers to be won. Just answer 4 easy questions. Play Now! Send HMV to 86688 More info:www.100percent-real.com,spam
Alrite jod hows the revision goin? Keris bin doin a smidgin. N e way u wanna cum over after college?xx,ham
and  picking them up from various points,ham
from www.Applausestore.com MonthlySubscription@50p/msg max6/month T&CsC web age16 2stop txt stop,spam
Message from . I am at Truro Hospital on ext. You can phone me here. as I have a phone by my side,ham
"Playin space poker, u?",ham
I cant pick the phone right now. Pls send a message,ham
I'm vivek:)i got call from your number.,ham
"So anyways, you can just go to your gym or whatever, my love *smiles* I hope your ok and having a good day babe ... I miss you so much already",ham
U sure u can't take any sick time?,ham
"I sent my scores to sophas and i had to do secondary application for a few schools. I think if you are thinking of applying, do a research on cost also. Contact joke ogunrinde, her school is one me the less expensive ones",ham
Okay but i thought you were the expert,ham
Life style garments account no please.,ham
"Haha awesome, be there in a minute",ham
either way works for me. I am  &lt;#&gt;  years old. Hope that doesnt bother you.,ham
"Ur balance is now £600. Next question: Complete the landmark, Big, A. Bob, B. Barry or C. Ben ?. Text A, B or C to 83738. Good luck!",spam
Hey u still at the gym?,ham
Yeah right! I'll bring my tape measure fri!,ham
Yar else i'll thk of all sorts of funny things.,ham
Are you going to write ccna exam this week??,ham
I not at home now lei...,ham
Can you pls send me that company name. In saibaba colany,ham
True. Its easier with her here.,ham
Then u going ikea str aft dat?,ham
How did you find out in a way that didn't include all of these details,ham
Hey... Why dont we just go watch x men and have lunch... Haha,ham
"Nothing. I meant that once the money enters your account here, the bank will remove its flat rate. Someone transfered  &lt;#&gt;  to my account and  &lt;#&gt; dollars got removed. So the banks differ and charges also differ.be sure you trust the 9ja person you are sending account details to cos...",ham
Already am squatting is the new way of walking,ham
Oh Howda gud gud.. Mathe en samachara chikku:-),ham
Gokila is talking with you aha:),ham
"U need my presnts always bcz U cant mis love. ""jeevithathile irulinae neekunna prakasamanu sneham"" prakasam ennal prabha 'That mns prabha is'LOVE' Got it. Dont mis me....",ham
"Hi frnd, which is best way to avoid missunderstding wit our beloved one's?",ham
Can... I'm free...,ham
"Spoke with uncle john today. He strongly feels that you need to sacrifice to keep me here. He's going to call you. When he does, i beg you to just listen. Dont make any promises or make it clear things are not easy. And i need you to please let us work things out. As long as i keep expecting help, my creativity will be stifled so pls just keep him happy, no promises on your part.",ham
Haven't left yet so probably gonna be here til dinner,ham
Congrats! Nokia 3650 video camera phone is your Call 09066382422 Calls cost 150ppm Ave call 3mins vary from mobiles 16+ Close 300603 post BCM4284 Ldn WC1N3XX,spam
"all the lastest from Stereophonics, Marley, Dizzee Racal, Libertines and The Strokes! Win Nookii games with Flirt!! Click TheMob WAP Bookmark or text WAP to 82468",spam
thanks for the temales it was wonderful. Thank. Have a great week.,ham
Great escape. I fancy the bridge but needs her lager. See you tomo,ham
Feel Yourself That You Are Always Happy.. Slowly It Becomes Your Habit &amp; Finally It Becomes Part Of Your Life.. Follow It.. Happy Morning &amp; Have A Happy Day:),ham
Lol yes. But it will add some spice to your day.,ham
Ü got wat to buy tell us then ü no need to come in again.,ham
"Nah, Wednesday. When should I bring the mini cheetos bag over?",ham
"WELL DONE! Your 4* Costa Del Sol Holiday or £5000 await collection. Call 09050090044 Now toClaim. SAE, TCs, POBox334, Stockport, SK38xh, Cost£1.50/pm, Max10mins",spam
Theyre doing it to lots of places. Only hospitals and medical places are safe.,ham
Hope this text meets you smiling. If not then let this text give you a reason to smile. Have a beautiful day.,ham
Are you unique enough? Find out from 30th August. www.areyouunique.co.uk,spam
"Can you tell Shola to please go to college of medicine and visit the academic department, tell the academic secretary what the current situation is and ask if she can transfer there. She should ask someone to check Sagamu for the same thing and lautech. Its vital she completes her medical education in Nigeria. Its less expensive much less expensive. Unless she will be getting citizen rates in new zealand.",ham
"I need an 8th but I'm off campus atm, could I pick up in an hour or two?",ham
Y lei?,ham
"Good! No, don‘t need any receipts—well done! (…) Yes, please tell . What‘s her number, i could ring her",ham
Oops i thk i dun haf enuff... I go check then tell ü..,ham
Ugh just got outta class,ham
Wot about on wed nite I am 3 then but only til 9!,ham
What time you think you'll have it? Need to know when I should be near campus,ham
Sun ah... Thk mayb can if dun have anythin on... Thk have to book e lesson... E pilates is at orchard mrt u noe hor...,ham
Ok. Me watching tv too.,ham
I'm at work. Please call,ham
U coming back 4 dinner rite? Dad ask me so i re confirm wif u...,ham
"K, fyi I'm back in my parents' place in south tampa so I might need to do the deal somewhere else",ham
"Well imma definitely need to restock before thanksgiving, I'll let you know when I'm out",ham
Hi. || Do u want | to join me with sts later? || Meeting them at five. || Call u after class.,ham
I wont touch you with out your permission.,ham
"Wen ur lovable bcums angry wid u, dnt take it seriously.. Coz being angry is d most childish n true way of showing deep affection, care n luv!.. kettoda manda... Have nice day da.",ham
"Well, i'm gonna finish my bath now. Have a good...fine night.",ham
Not yet chikku..wat abt u?,ham
I emailed yifeng my part oredi.. Can ü get it fr him..,ham
Wat happened to the cruise thing,ham
Both :) i shoot big loads so get ready!,ham
You'll never believe this but i have actually got off at taunton. Wow,ham
"Good afternoon, my love. It was good to see your words on YM and get your tm. Very smart move, my slave ... *smiles* ... I drink my coffee and await you.",ham
For real tho this sucks. I can't even cook my whole electricity is out. And I'm hungry.,ham
Where's mummy's boy ? Is he being good or bad ? Is he being positive or negative ? Why is mummy being made to wait? Hmmmm?,ham
"Sorry, I'll call later",ham
"SMSSERVICES. for yourinclusive text credits, pls goto www.comuk.net login= 3qxj9 unsubscribe with STOP, no extra charge. help 08702840625.COMUK. 220-CM2 9AE",spam
You have to pls make a note of all she.s exposed to. Also find out from her school if anyone else was vomiting. Is there a dog or cat in the house? Let me know later.,ham
Sorry i cant take your call right now. It so happens that there r 2waxsto do wat you want. She can come and ill get her medical insurance. And she'll be able to deliver and have basic care. I'm currently shopping for the right medical insurance for her. So just give me til friday morning. Thats when i.ll see the major person that can guide me to the right insurance.,ham
Boltblue tones for 150p Reply POLY# or MONO# eg POLY3 1. Cha Cha Slide 2. Yeah 3. Slow Jamz 6. Toxic 8. Come With Me or STOP 4 more tones txt MORE,spam
:-) yeah! Lol. Luckily i didn't have a starring role like you!,ham
When are you going to ride your bike?,ham
Guess he wants alone time. We could just show up and watch when they do..,ham
The evo. I just had to download flash. Jealous?,ham
By monday next week. Give me the full gist,ham
You got called a tool?,ham
Darren was saying dat if u meeting da ge den we dun meet 4 dinner. Cos later u leave xy will feel awkward. Den u meet him 4 lunch lor.,ham
You flippin your shit yet?,ham
"Eerie Nokia tones 4u, rply TONE TITLE to 8007 eg TONE DRACULA to 8007 Titles: GHOST, ADDAMSFA, MUNSTERS, EXORCIST, TWILIGHT www.getzed.co.uk POBox36504W45WQ 150p",spam
Aaooooright are you at work?,ham
"That's what I love to hear :V see you sundayish, then",ham
"No shit, but I wasn't that surprised, so I went and spent the evening with that french guy I met in town here and we fooled around a bit but I didn't let him fuck me",ham
I need... Coz i never go before,ham
Yes when is the appt again?,ham
SORRY IM STIL FUCKED AFTER LAST NITE WENT TOBED AT 430 GOT UP 4 WORK AT 630,ham
Well at this right I'm gonna have to get up and check today's steam sales/pee so text me when you want me to come get you,ham
Hey i'm bored... So i'm thinking of u... So wat r u doing?,ham
"yeah, that's what I was thinking",ham
"fyi I'm at usf now, swing by the room whenever",ham
Huh so early.. Then ü having dinner outside izzit?,ham
Okie but i scared u say i fat... Then u dun wan me already...,ham
How are you doing. How's the queen. Are you going for the royal wedding,ham
"Omw back to tampa from west palm, you hear what happened?",ham
I'm at work. Please call,ham
My phone,ham
My battery is low babe,ham
"Tee hee. Off to lecture, cheery bye bye.",ham
EASTENDERS TV Quiz. What FLOWER does DOT compare herself to? D= VIOLET E= TULIP F= LILY txt D E or F to 84025 NOW 4 chance 2 WIN £100 Cash WKENT/150P16+,spam
"K give me a sec, breaking a  &lt;#&gt;  at cstore",ham
"Doing nothing, then u not having dinner w us?",ham
"Think i might have to give it a miss. Am teaching til twelve, then have lecture at two. Damn this working thing.",ham
Oh baby of the house. How come you dont have any new pictures on facebook,ham
"We are at grandmas. Oh dear, u still ill? I felt Shit this morning but i think i am just hungover! Another night then. We leave on sat.",ham
"The table's occupied, I'm waiting by the tree",ham
"""Hi darlin did youPhone me? Im atHome if youwanna chat.""",ham
So what u doing today?,ham
Give one miss from that number please,ham
"Do you know why god created gap between your fingers..? So that, One who is made for you comes &amp; fills those gaps by holding your hand with LOVE..!",ham
Why do you ask princess?,ham
Not..tel software name..,ham
Merry christmas to u too annie!,ham
S.s:)i thinl role is like sachin.just standing. Others have to hit.,ham
"No, I decided that only people who care about stuff vote and caring about stuff is for losers",ham
Show ur colours! Euro 2004 2-4-1 Offer! Get an England Flag & 3Lions tone on ur phone! Click on the following service message for info!,spam
"u r subscribed 2 TEXTCOMP 250 wkly comp. 1st wk?s free question follows, subsequent wks charged@150p/msg.2 unsubscribe txt STOP 2 84128,custcare 08712405020",spam
I will come tomorrow di,ham
Ü ready then call me...,ham
Yeah we do totes. When u wanna?,ham
Oh god..taken the teeth?is it paining,ham
"""CHEERS U TEX MECAUSE U WEREBORED! YEAH OKDEN HUNNY R UIN WK SAT?SOUNDS LIKEYOUR HAVIN GR8FUN J! KEEP UPDAT COUNTINLOTS OF LOVEME XXXXX.""",ham
Hi! You just spoke to MANEESHA V. We'd like to know if you were satisfied with the experience. Reply Toll Free with Yes or No.,ham
Guess what! Somebody you know secretly fancies you! Wanna find out who it is? Give us a call on 09065394973 from Landline DATEBox1282EssexCM61XN 150p/min 18,spam
Your credits have been topped up for http://www.bubbletext.com Your renewal Pin is tgxxrz,spam
I asked sen to come chennai and search for job.,ham
Is there coming friday is leave for pongal?do you get any news from your work place.,ham
Ü takin linear algebra today?,ham
"He will, you guys close?",ham
Natalja (25/F) is inviting you to be her friend. Reply YES-440 or NO-440 See her: www.SMS.ac/u/nat27081980 STOP? Send STOP FRND to 62468,spam
get ready to moan and scream :),ham
"SMS SERVICES. for your inclusive text credits, pls goto www.comuk.net login= 3qxj9 unsubscribe with STOP, no extra charge. help 08702840625.COMUK. 220-CM2 9AE",spam
We tried to call you re your reply to our sms for a video mobile 750 mins UNLIMITED TEXT free camcorder Reply or call now 08000930705 Del Thurs,spam
Now get step 2 outta the way. Congrats again.,ham
"Plz note: if anyone calling from a mobile Co. &amp; asks u to type # &lt;#&gt;  or # &lt;#&gt; . Do not do so. Disconnect the call,coz it iz an attempt of 'terrorist' to make use of the sim card no. Itz confirmd by nokia n motorola n has been verified by CNN IBN.",ham
Go chase after her and run her over while she's crossing the street,ham
"Sorry, I'll call later in meeting",ham
I'm fine. Hope you are also,ham
Ok lor but not too early. Me still having project meeting now.,ham
I will reach ur home in  &lt;#&gt;  minutes,ham
"You aren't coming home between class, right? I need to work out and shower!",ham
meet you in corporation st outside gap … you can see how my mind is working!,ham
"Hey sexy buns ! Have I told you ? I adore you, loverboy. I hope you remember to thank your sister in law for those meatballs *grins* ... i love you, babe",ham
"He said that he had a right giggle when he saw u again! You would possibly be the first person2die from NVQ, but think how much you could for!",ham
K k pa Had your lunch aha.,ham
Die... I accidentally deleted e msg i suppose 2 put in e sim archive. Haiz... I so sad...,ham
1st wk FREE! Gr8 tones str8 2 u each wk. Txt NOKIA ON to 8007 for Classic Nokia tones or HIT ON to 8007 for Polys. Nokia/150p Poly/200p 16+,spam
UR GOING 2 BAHAMAS! CallFREEFONE 08081560665 and speak to a live operator to claim either Bahamas cruise of£2000 CASH 18+only. To opt out txt X to 07786200117,spam
i thought we were doing a king of the hill thing there.,ham
Wat r u doing?,ham
Ya even those cookies have jelly on them,ham
You are awarded a SiPix Digital Camera! call 09061221061 from landline. Delivery within 28days. T Cs Box177. M221BP. 2yr warranty. 150ppm. 16 . p p£3.99,spam
"its cool but tyler had to take off so we're gonna buy for him and drop it off at his place later tonight. Our total order is a quarter, you got enough?",ham
Nope i waiting in sch 4 daddy...,ham
How many times i told in the stage all use to laugh. You not listen aha.,ham
Sorry i'm not free...,ham
"Sir, i am waiting for your call.",ham
T-Mobile customer you may now claim your FREE CAMERA PHONE upgrade & a pay & go sim card for your loyalty. Call on 0845 021 3680.Offer ends 28thFeb.T&C's apply,spam
"URGENT! Last weekend's draw shows that you have won £1000 cash or a Spanish holiday! CALL NOW 09050000332 to claim. T&C: RSTM, SW7 3SS. 150ppm",spam
Your pussy is perfect!,ham
Ok try to do week end course in coimbatore.,ham
"Dear Voucher Holder, To claim this weeks offer, at you PC please go to http://www.e-tlp.co.uk/expressoffer Ts&Cs apply. To stop texts, txt STOP to 80062",spam
Ever thought about living a good life with a perfect partner? Just txt back NAME and AGE to join the mobile community. (100p/SMS),spam
Only saturday and sunday holiday so its very difficult:),ham
"Hmm ok, i'll stay for like an hour cos my eye is really sore!",ham
I like you peoples very much:) but am very shy pa.,ham
"Can you pls pls send me a mail on all you know about relatives coming to deliver here? All you know about costs, risks, benefits and anything else. Thanks.",ham
No da. . Vijay going to talk in jaya tv,ham
Package all your programs well,ham
"Congrats! 2 mobile 3G Videophones R yours. call 09063458130 now! videochat wid your mates, play java games, Dload polyPH music, noline rentl.",spam
One of the joys in lifeis waking up each daywith thoughts that somewhereSomeone cares enough tosend a warm morning greeting.. -,ham
I will be gentle baby! Soon you will be taking all  &lt;#&gt;  inches deep inside your tight pussy...,ham
Might ax well im there.,ham
CDs 4u: Congratulations ur awarded £500 of CD gift vouchers or £125 gift guaranteed & Freeentry 2 £100 wkly draw xt MUSIC to 87066 TnCs www.ldew.com1win150ppmx3age16,spam
Can you just come in for a sec? There's somebody here I want you to see,ham
Jesus armand really is trying to tell everybody he can find,ham
Thanks for loving me so. You rock,ham
How come u got nothing to do?,ham
What not under standing.,ham
Well I wasn't available as I washob nobbing with last night so they had to ask Nickey Platt instead of me!;,ham
Ugh. Gotta drive back to sd from la. My butt is sore.,ham
Ok...,ham
Dai what this da.. Can i send my resume to this id.,ham
"Good afternoon, my love ... How goes your day ? How did you sleep ? I hope your well, my boytoy ... I think of you ...",ham
I pocked you up there before,ham
"I jus hope its true that  missin me cos i'm really missin him! You haven't done anything to feel guilty about, yet.",ham
K. Did you call me just now ah?,ham
"Night has ended for another day, morning has come in a special way. May you smile like the sunny rays and leaves your worries at the blue blue bay. Gud mrng",ham
From next month get upto 50% More Calls 4 Ur standard network charge 2 activate Call 9061100010 C Wire3.net 1st4Terms PoBox84 M26 3UZ Cost £1.50 min MobcudB more,spam
You unbelievable faglord,ham
Eatin my lunch...,ham
4mths half price Orange line rental & latest camera phones 4 FREE. Had your phone 11mths+? Call MobilesDirect free on 08000938767 to update now! or2stoptxt T&Cs,spam
But pls dont play in others life.,ham
I will treasure every moment we spend together...,ham
hiya hows it going in sunny africa? hope u r avin a good time. give that big old silver back a big kiss from me.,ham
I will be gentle princess! We will make sweet gentle love...,ham
"You are always putting your business out there. You put pictures of your ass on facebook. You are one of the most open people i've ever met. Why would i think a picture of your room would hurt you, make you feel violated.",ham
Lul im gettin some juicy gossip at the hospital. Two nurses are talking about how fat they are gettin. And one thinks shes obese. Oyea.,ham
Well boy am I glad G wasted all night at applebees for nothing,ham
You have an important customer service announcement. Call FREEPHONE 0800 542 0825 now!,spam
Okay lor... Will they still let us go a not ah? Coz they will not know until later. We drop our cards into the box right?,ham
"URGENT. Important information for 02 user. Today is your lucky day! 2 find out why , log onto http://www.urawinner.com there is a fantastic surprise awaiting you !",spam
"Customer service announcement. We recently tried to make a delivery to you but were unable to do so, please call 07090298926 to re-schedule. Ref:9307622",spam
"Under the sea, there lays a rock. In the rock, there is an envelope. In the envelope, there is a paper. On the paper, there are 3 words... '",ham
U calling me right? Call my hand phone...,ham
Si si. I think ill go make those oreo truffles.,ham
Re your call; You didn't see my facebook huh?,ham
"Wat time liao, where still got.",ham
"Just making dinner, you ?",ham
Am surfing online store. For offers do you want to buy any thing.,ham
"Save yourself the stress. If the person has a dorm account, just send your account details and the money will be sent to you.",ham
"I can't right this second, gotta hit people up first",ham
He's just gonna worry for nothing. And he won't give you money its no use.,ham
Anything lor but toa payoh got place 2 walk meh...,ham
Hello handsome ! Are you finding that job ? Not being lazy ? Working towards getting back that net for mummy ? Where's my boytoy now ? Does he miss me ?,ham
Reverse is cheating. That is not mathematics.,ham
Now am free call me pa.,ham
Hey ! Don't forget ... You are MINE ... For ME ... My possession ... MY property ... MMM ... *childish smile* ...,ham
Ok. Not sure what time tho as not sure if can get to library before class. Will try. See you at some point! Have good eve.,ham
Smile in Pleasure Smile in Pain Smile when trouble pours like Rain Smile when sum1 Hurts U Smile becoz SOMEONE still Loves to see u Smiling!!,ham
Yup. Izzit still raining heavily cos i'm in e mrt i can't c outside.,ham
"Sorry, I'll call later",ham
You will recieve your tone within the next 24hrs. For Terms and conditions please see Channel U Teletext Pg 750,spam
Dude im no longer a pisces. Im an aquarius now.,ham
IMPORTANT MESSAGE. This is a final contact attempt. You have important messages waiting out our customer claims dept. Expires 13/4/04. Call 08717507382 NOW!,spam
Never blame a day in ur life. Good days give u happiness. Bad days give u experience. Both are essential in life! All are Gods blessings! good morning.:,ham
So dont use hook up any how,ham
But we havent got da topic yet rite?,ham
Aight ill get on fb in a couple minutes,ham
Jus came back fr lunch wif my sis only. U leh?,ham
I'm home. Ard wat time will u reach?,ham
"You can stop further club tones by replying ""STOP MIX"" See my-tone.com/enjoy. html for terms. Club tones cost GBP4.50/week. MFL, PO Box 1146 MK45 2WT (2/3)",spam
Mum not going robinson already.,ham
Ok lor...,ham
"Sorry, I'll call later",ham
"Good afternoon on this glorious anniversary day, my sweet J !! I hope this finds you happy and content, my Prey. I think of you and send a teasing kiss from across the sea coaxing images of fond souveniers ... You Cougar-Pen",ham
"Do 1 thing! Change that sentence into: ""Because i want 2 concentrate in my educational career im leaving here..""",ham
Of course ! Don't tease me ... You know I simply must see ! *grins* ... Do keep me posted my prey ... *loving smile* *devouring kiss*,ham
Can you open the door?,ham
Hey are we going for the lo lesson or gym?,ham
"U can WIN £100 of Music Gift Vouchers every week starting NOW Txt the word DRAW to 87066 TsCs www.ldew.com SkillGame,1Winaweek, age16.150ppermessSubscription",spam
I am waiting machan. Call me once you free.,ham
Hi did u decide wot 2 get 4 his bday if not ill prob jus get him a voucher frm virgin or sumfing,ham
Aiyo please ü got time meh.,ham
"Aight, I'll ask a few of my roommates",ham
"Yep, by the pretty sculpture",ham
U have a secret admirer. REVEAL who thinks U R So special. Call 09065174042. To opt out Reply REVEAL STOP. 1.50 per msg recd. Cust care 07821230901,spam
Easy ah?sen got selected means its good..,ham
I'm not sure if its still available though,ham
No got new job at bar in airport on satsgettin 4.47per hour but means no lie in! keep in touch,ham
Had your mobile 11 months or more? U R entitled to Update to the latest colour mobiles with camera for Free! Call The Mobile Update Co FREE on 08002986030,spam
Those ducking chinchillas,ham
Y dun cut too short leh. U dun like ah? She failed. She's quite sad.,ham
"Mostly sports type..lyk footbl,crckt..",ham
"Loan for any purpose £500 - £75,000. Homeowners + Tenants welcome. Have you been previously refused? We can still help. Call Free 0800 1956669 or text back 'help'",spam
I am in escape theatre now. . Going to watch KAVALAN in a few minutes,ham
Are you this much buzy,ham
Let Ur Heart Be Ur Compass Ur Mind Ur Map Ur Soul Ur Guide And U Will Never loose in world....gnun - Sent via WAY2SMS.COM,ham
My sister going to earn more than me da.,ham
"Dizzamn, aight I'll ask my suitemates when I get back",ham
No current and food here. I am alone also,ham
Okie,ham
Ok i also wan 2 watch e 9 pm show...,ham
"Congratulations - Thanks to a good friend U have WON the £2,000 Xmas prize. 2 claim is easy, just call 08712103738 NOW! Only 10p per minute. BT-national-rate",spam
Txt: CALL to No: 86888 & claim your reward of 3 hours talk time to use from your phone now! Subscribe6GBP/mnth inc 3hrs 16 stop?txtStop www.gamb.tv,spam
"If e timing can, then i go w u lor...",ham
Having lunch:)you are not in online?why?,ham
No da. I am happy that we sit together na,ham
U have a Secret Admirer who is looking 2 make contact with U-find out who they R*reveal who thinks UR so special-call on 09065171142-stopsms-08718727870150ppm,spam
Okey dokey swashbuckling stuff what oh.,ham
I love to wine and dine my lady!,ham
FreeMsg:Feelin kinda lnly hope u like 2 keep me company! Jst got a cam moby wanna c my pic?Txt or reply DATE to 82242 Msg150p 2rcv Hlp 08712317606 stop to 82242,spam
Cheers for the card ... Is it that time of year already?,ham
HI DARLIN I FINISH AT 3 DO U 1 2 PICK ME UP OR MEET ME? TEXT BACK ON THIS NUMBER LUV KATE XXX,ham
Company is very good.environment is terrific and food is really nice:),ham
"Can meh? Thgt some will clash... Really ah, i dun mind... I dun seen to have lost any weight... Gee...",ham
"As usual..iam fine, happy &amp; doing well..:)",ham
I keep ten rs in my shelf:) buy two egg.,ham
WE REGRET TO INFORM U THAT THE NHS HAS MADE A MISTAKE.U WERE NEVER ACTUALLY BORN.PLEASE REPORT 2 YOR LOCAL HOSPITAL 2B TERMINATED.WE R SORRY 4 THE INCONVENIENCE,ham
Yup... How ü noe leh...,ham
GSOH? Good with SPAM the ladies?U could b a male gigolo? 2 join the uk's fastest growing mens club reply ONCALL. mjzgroup. 08714342399.2stop reply STOP. msg@£1.50rcvd,spam
No need to say anything to me. I know i am an outsider,ham
Buy Space Invaders 4 a chance 2 win orig Arcade Game console. Press 0 for Games Arcade (std WAP charge) See o2.co.uk/games 4 Terms + settings. No purchase,spam
"Wait that's still not all that clear, were you not sure about me being sarcastic or that that's why x doesn't want to live with us",ham
No. Did you multimedia message them or e-mail?,ham
U reach orchard already? U wan 2 go buy tickets first?,ham
Oh ok i didnt know what you meant. Yep i am baby jontin,ham
Ok.ok ok..then..whats ur todays plan,ham
Nice talking to you! please dont forget my pix :) i want to see all of you...,ham
Detroit. The home of snow. Enjoy it.,ham
I've been trying to reach him without success,ham
Your opinion about me? 1. Over 2. Jada 3. Kusruthi 4. Lovable 5. Silent 6. Spl character 7. Not matured 8. Stylish 9. Simple Pls reply..,ham
"Now u sound like manky scouse boy steve,like! I is travelling on da bus home.wot has u inmind 4 recreation dis eve?",ham
"Almost there, see u in a sec",ham
"Beautiful tomorrow never comes.. When it comes, it's already TODAY.. In the hunt of beautiful tomorrow don't waste your wonderful TODAY.. GOODMORNING:)",ham
Ha ha - had popped down to the loo when you hello-ed me. Hello!,ham
Ü say until like dat i dun buy ericsson oso cannot oredi lar...,ham
FreeMsg: Fancy a flirt? Reply DATE now & join the UKs fastest growing mobile dating service. Msgs rcvd just 25p to optout txt stop to 83021. Reply DATE now!,spam
I cant pick the phone right now. Pls send a message,ham
Maybe?! Say hi to  and find out if  got his card. Great escape or wetherspoons?,ham
"When people see my msgs, They think Iam addicted to msging... They are wrong, Bcoz They don\'t know that Iam addicted to my sweet Friends..!! BSLVYL",ham
Babe? You said 2 hours and it's been almost 4 ... Is your internet down ?,ham
"SMS SERVICES. for your inclusive text credits, pls goto www.comuk.net login= 3qxj9 unsubscribe with STOP, no extra charge. help 08702840625.COMUK. 220-CM2 9AE",spam
Was gr8 to see that message. So when r u leaving? Congrats dear. What school and wat r ur plans.,ham
Yes.mum lookin strong:),ham
"Abeg, make profit. But its a start. Are you using it to get sponsors for the next event?",ham
"As usual..iam fine, happy &amp; doing well..:)",ham
Good Morning my Dear........... Have a great &amp; successful day.,ham
Whos this am in class:-),ham
When you came to hostel.,ham
Oh did you charge camera,ham
Draw va?i dont think so:),ham
I'm e person who's doing e sms survey...,ham
"Say this slowly.? GOD,I LOVE YOU &amp; I NEED YOU,CLEAN MY HEART WITH YOUR BLOOD.Send this to Ten special people &amp; u c miracle tomorrow, do it,pls,pls do it...",ham
No. 1 Nokia Tone 4 ur mob every week! Just txt NOK to 87021. 1st Tone FREE ! so get txtin now and tell ur friends. 150p/tone. 16 reply HL 4info,spam
No..its ful of song lyrics..,ham
Ho ho - big belly laugh! See ya tomo,ham
"""Gimme a few"" was  &lt;#&gt;  minutes ago",ham
Lol ... I really need to remember to eat when I'm drinking but I do appreciate you keeping me company that night babe *smiles*,ham
What r u cooking me for dinner?,ham
Did u got that persons story,ham
Gain the rights of a wife.dont demand it.i am trying as husband too.Lets see,ham
It's ok i wun b angry. Msg u aft i come home tonight.,ham
"Dont search love, let love find U. Thats why its called falling in love, bcoz U dont force yourself, U just fall and U know there is smeone to hold U... BSLVYL",ham
A guy who gets used but is too dumb to realize it.,ham
Gud ni8 dear..slp well..take care..swt dreams..Muah..,ham
"You at mu? You should try to figure out how much money everyone has for gas and alcohol, jay and I are trying to figure out our weed budget",ham
Well done and ! luv ya all,ham
"Lets use it next week, princess :)",ham
Yup i'm elaborating on the safety aspects and some other issues..,ham
Jus finish my lunch on my way home lor... I tot u dun wan 2 stay in sch today...,ham
Haha... Hope ü can hear the receipt sound... Gd luck!,ham
Ok,ham
You have won a guaranteed £200 award or even £1000 cashto claim UR award call free on 08000407165 (18+) 2 stop getstop on 88222 PHP,spam
I'm good. Have you registered to vote?,ham
Ü v ma fan...,ham
"Haha awesome, I've been to 4u a couple times. Who all's coming?",ham
You intrepid duo you! Have a great time and see you both soon.,ham
"She was supposed to be but couldn't make it, she's still in town though",ham
I don wake since. I checked that stuff and saw that its true no available spaces. Pls call the embassy or send a mail to them.,ham
Am on the uworld site. Am i buying the qbank only or am i buying it with the self assessment also?,ham
Yo we are watching a movie on netflix,ham
Oh... Okie lor...We go on sat...,ham
";-( oh well, c u later",ham
Ffffffffff. Alright no way I can meet up with you sooner?,ham
Aiyah then i wait lor. Then u entertain me. Hee...,ham
I am in hospital da. . I will return home in evening,ham
"Free Msg: get Gnarls Barkleys ""Crazy"" ringtone TOTALLY FREE just reply GO to this message right now!",spam
He says he'll give me a call when his friend's got the money but that he's definitely buying before the end of the week,ham
Yup,ham
"After my work ah... Den 6 plus lor... U workin oso rite... Den go orchard lor, no other place to go liao...",ham
"No dude, its not fake..my frnds got money, thts y i'm reffering u..if u member wit my mail link, u vl be credited  &lt;#&gt; rs and il be getiing  &lt;#&gt; rs..i can draw my acc wen it is  &lt;#&gt; rs..",ham
"Fuck babe, I miss you sooooo much !! I wish you were here to sleep with me ... My bed is so lonely ... I go now, to sleep ... To dream of you, my love ...",ham
Shall I bring us a bottle of wine to keep us amused? Only joking! I‘ll bring one anyway,ham
Hey hun-onbus goin 2 meet him. He wants 2go out 4a meal but I donyt feel like it cuz have 2 get last bus home!But hes sweet latelyxxx,ham
"I noe la... U wana pei bf oso rite... K lor, other days den...",ham
am up to my eyes in philosophy,ham
Reminder: You have not downloaded the content you have already paid for. Goto http://doit. mymoby. tv/ to collect your content.,spam
Fwiw the reason I'm only around when it's time to smoke is that because of gas I can only afford to be around when someone tells me to be and that apparently only happens when somebody wants to light up,ham
"URGENT! Your mobile No *********** WON a £2,000 Bonus Caller Prize on 02/06/03! This is the 2nd attempt to reach YOU! Call 09066362220 ASAP! BOX97N7QP, 150ppm",spam
Love you aathi..love u lot..,ham
You said not now. No problem. When you can. Let me know.,ham
K..k..any special today?,ham
Crucify is c not s. You should have told me earlier.,ham
"see, i knew giving you a break a few times woul lead to you always wanting to miss curfew. I was gonna gibe you 'til one, but a MIDNIGHT movie is not gonna get out til after 2. You need to come home. You need to getsleep and, if anything, you need to b studdying ear training.",ham
Will it help if we propose going back again tomorrow,ham
"Party's at my place at usf, no charge (but if you can contribute in any way it is greatly appreciated) and yeah, we got room for one more",ham
"44 7732584351, Do you want a New Nokia 3510i colour phone DeliveredTomorrow? With 300 free minutes to any mobile + 100 free texts + Free Camcorder reply or call 08000930705.",spam
"""Hey j! r u feeling any better, hopeSo hunny. i amnow feelin ill & ithink i may have tonsolitusaswell! damn iam layin in bedreal bored. lotsof luv me xxxx""",ham
"I got like $ &lt;#&gt; , I can get some more later though. Get whatever you feel like",ham
I'm in class. Did you get my text.,ham
I'm in office now . I will call you  &lt;#&gt;  min:),ham
It only does simple arithmetic not percentages.,ham
How are you with moneY...as in to you...money aint a thing....how are you sha!,ham
Anything lar...,ham
You still coming tonight?,ham
"Bloody hell, cant believe you forgot my surname Mr . Ill give u a clue, its spanish and begins with m...",ham
Get ready for  &lt;#&gt;  inches of pleasure...,ham
Jamster! To get your free wallpaper text HEART to 88888 now! T&C apply. 16 only. Need Help? Call 08701213186.,spam
"Uncle G, just checking up on you. Do have a rewarding month",ham
I said its okay. Sorry,ham
Oh k :)why you got job then whats up?,ham
Dont let studying stress you out. L8r.,ham
* Was thinking about chuckin ur red green n black trainners 2 save carryin them bac on train,ham
I want to sent  &lt;#&gt; mesages today. Thats y. Sorry if i hurts,ham
You'll not rcv any more msgs from the chat svc. For FREE Hardcore services text GO to: 69988 If u get nothing u must Age Verify with yr network & try again,spam
"I call you later, don't have network. If urgnt, sms me.",ham
Hey anyway i have to :-),ham
I'll reach in ard 20 mins ok...,ham
I am going to sao mu today. Will be done only at 12,ham
I thk 50 shd be ok he said plus minus 10.. Did ü leave a line in between paragraphs?,ham
No:-)i got rumour that you going to buy apartment in chennai:-),ham
ree entry in 2 a weekly comp for a chance to win an ipod. Txt POD to 80182 to get entry (std txt rate) T&C's apply 08452810073 for details 18+,spam
"Yeah there's quite a bit left, I'll swing by tomorrow when I get up",ham
Yes i have. So that's why u texted. Pshew...missing you so much,ham
R u saying i should re order the slippers cos i had to pay for returning it.,ham
K..k..i'm also fine:)when will you complete the course?,ham
"Hi, Mobile no.  &lt;#&gt;  has added you in their contact list on www.fullonsms.com It s a great place to send free sms to people For more visit fullonsms.com",ham
Eat at old airport road... But now 630 oredi... Got a lot of pple...,ham
"Yup. Anything lor, if u dun wan it's ok...",ham
I can take you at like noon,ham
"Sure thing big man. i have hockey elections at 6, shouldn‘t go on longer than an hour though",ham
"Just checked out, heading out to drop off my stuff now",ham
K tell me anything about you.,ham
"Finally it has happened..! Aftr decades..! BEER is now cheaper than PETROL! The goverment expects us to ""DRINK"". . . But don't ""DRIVE """,ham
Wow so healthy. Old airport rd lor. Cant thk of anything else. But i'll b bathing my dog later.,ham
"says that he's quitting at least5times a day so i wudn't take much notice of that. Nah, she didn't mind. Are you gonna see him again? Do you want to come to taunton tonight? U can tell me all about !",ham
For many things its an antibiotic and it can be used for chest abdomen and gynae infections even bone infections.,ham
Gd luck 4 ur exams :-),ham
"Yep, at derek's house now, see you Sunday &lt;3",ham
Hmm .. Bits and pieces lol ... *sighs* ...,ham
Thought praps you meant another one. Goodo! I'll look tomorrow,ham
I see the letter B on my car,ham
Pick you up bout 7.30ish? What time are  and that going?,ham
Well thats nice. Too bad i cant eat it,ham
Omg it could snow here tonite!,ham
"Not yet chikku..k, then wat abt tht guy did he stopped irritating or msging to u..",ham
I love you both too :-),ham
May i call You later Pls,ham
There is no sense in my foot and penis.,ham
"Happy or sad , one thing about past is- ""Its no more"" GOOD MORNING :-):-).",ham
What you did in  leave.,ham
Oh is it! Which brand?,ham
Hi mate its RV did u hav a nice hol just a message 3 say hello coz havent sent u 1 in ages started driving so stay off roads!RVx,ham
No chikku nt yet.. Ya i'm free,ham
"Yes, princess. Are you going to make me moan?",ham
"I just got home babe, are you still awake ?",ham
How are you holding up?,ham
"I'm gonna be home soon and i don't want to talk about this stuff anymore tonight, k? I've cried enough today.",ham
"Hello darling how are you today? I would love to have a chat, why dont you tell me what you look like and what you are in to sexy?",spam
You have registered Sinco as Payee. Log in at icicibank.com and enter URN  &lt;#&gt;  to confirm. Beware of frauds. Do NOT share or disclose URN to anyone.,ham
"Well the weather in cali's great. But its complexities are great. You need a car to move freely, its taxes are outrageous. But all in all its a great place. The sad part is i missing home.",ham
"Aight I've been set free, think you could text me blake's address? It occurs to me I'm not quite as sure what I'm doing as I thought I was",ham
LOL ... Have you made plans for new years?,ham
I'm on da bus going home...,ham
did u get that message,ham
Please CALL 08712402902 immediately as there is an urgent message waiting for you.,spam
Or just do that 6times,ham
Aight should I just plan to come up later tonight?,ham
Sounds like there could be a lot of time spent in that chastity device boy ... *grins* ... Or take your beatings like a good dog. Going to lounge in a nice long bath now ?,ham
X2  &lt;#&gt; . Are you going to get that,ham
My uncles in Atlanta. Wish you guys a great semester.,ham
My slave! I want you to take 2 or 3 pictures of yourself today in bright light on your cell phone! Bright light!,ham
I wnt to buy a BMW car urgently..its vry urgent.but hv a shortage of  &lt;#&gt; Lacs.there is no source to arng dis amt. &lt;#&gt; lacs..thats my prob,ham
K go and sleep well. Take rest:-).,ham
Where r we meeting?,ham
No it's waiting in e car dat's bored wat. Cos wait outside got nothing 2 do. At home can do my stuff or watch tv wat.,ham
No calls..messages..missed calls,ham
Pls tell nelson that the bb's are no longer comin. The money i was expecting aint coming,ham
I love working from home :),ham
Ill call you evening ill some ideas.,ham
"SPJanuary Male Sale! Hot Gay chat now cheaper, call 08709222922. National rate from 1.5p/min cheap to 7.8p/min peak! To stop texts call 08712460324 (10p/min)",spam
I cant keep talking to people if am not sure i can pay them if they agree to price. So pls tell me what you want to really buy and how much you are willing to pay,ham
Lol its ok I didn't remember til last nite,ham
R u here yet? I'm wearing blue shirt n black pants.,ham
Yup... From what i remb... I think should be can book...,ham
Hi. I'm always online on yahoo and would like to chat with you someday,ham
How long does it take to get it.,ham
Take something for pain. If it moves however to any side in the next 6hrs see a doctor.,ham
"7 wonders in My WORLD 7th You 6th Ur style 5th Ur smile 4th Ur Personality 3rd Ur Nature 2nd Ur SMS and 1st ""Ur Lovely Friendship""... good morning dear",ham
No no. I will check all rooms befor activities,ham
Will you come online today night,ham
Well you told others you'd marry them...,ham
Well I'm going to be an aunty!,ham
What happened in interview?,ham
Am watching house – very entertaining – am getting the whole hugh laurie thing – even with the stick – indeed especially with the stick.,ham
U attend ur driving lesson how many times a wk n which day?,ham
U still going to the mall?,ham
"""Hello-/@drivby-:0quit edrunk sorry iff pthis makes no senrd-dnot no how ^ dancce 2 drum n basq!ihave fun 2nhite x ros xxxxxxx""",ham
Oh thats late! Well have a good night and i will give u a call tomorrow. Iam now going to go to sleep night night,ham
"Its ok, if anybody asks abt me, u tel them..:-P",ham
"Ever green quote ever told by Jerry in cartoon ""A Person Who Irritates u Always Is the one Who Loves u Vry Much But Fails to Express It...!..!! :-) :-) gud nyt",ham
"I've got  &lt;#&gt; , any way I could pick up?",ham
FREEMSG: Our records indicate you may be entitled to 3750 pounds for the Accident you had. To claim for free reply with YES to this msg. To opt out text STOP,spam
Appt is at &lt;TIME&gt; am. Not my fault u don't listen. I told u twice,ham
Macha dont feel upset.i can assume your mindset.believe me one evening with me and i have some wonderful plans for both of us.LET LIFE BEGIN AGAIN.call me anytime,ham
I need details about that online job.,ham
If you're thinking of lifting me one then no.,ham
Yes. Please leave at  &lt;#&gt; . So that at  &lt;#&gt;  we can leave,ham
Ranjith cal drpd Deeraj and deepak 5min hold,ham
Aiya we discuss later lar... Pick ü up at 4 is it?,ham
We walked from my moms. Right on stagwood pass right on winterstone left on victors hill. Address is &lt;#&gt;,ham
"Sorry, I can't help you on this.",ham
Is that on the telly? No its Brdget Jones!,ham
Actually i'm waiting for 2 weeks when they start putting ad.,ham
I've got it down to a tea. not sure which flavour,ham
Hello! Good week? Fancy a drink or something later?,ham
Ooooooh I forgot to tell u I can get on yoville on my phone,ham
Ok not a problem will get them a taxi. C ing  tomorrow and tuesday. On tuesday think we r all going to the cinema.,ham
HIYA COMIN 2 BRISTOL 1 ST WEEK IN APRIL. LES GOT OFF + RUDI ON NEW YRS EVE BUT I WAS SNORING.THEY WERE DRUNK! U BAK AT COLLEGE YET? MY WORK SENDS INK 2 BATH.,ham
lyricalladie(21/F) is inviting you to be her friend. Reply YES-910 or NO-910. See her: www.SMS.ac/u/hmmross STOP? Send STOP FRND to 62468,spam
Tell my  bad character which u Dnt lik in me. I'll try to change in  &lt;#&gt; . I ll add tat 2 my new year resolution. Waiting for ur reply.Be frank...good morning.,ham
Jordan got voted out last nite!,ham
"Sorry, I'll call later",ham
Miles and smiles r made frm same letters but do u know d difference..? smile on ur face keeps me happy even though I am miles away from u.. :-)keep smiling.. Good nyt,ham
Da my birthdate in certificate is in april but real date is today. But dont publish it. I shall give you a special treat if you keep the secret. Any way thanks for the wishes,ham
Happy New year my dear brother. I really do miss you. Just got your number and decided to send you this text wishing you only happiness. Abiola,ham
Beauty sleep can help ur pimples too.,ham
"Good afternoon sunshine! How dawns that day ? Are we refreshed and happy to be alive? Do we breathe in the air and smile ? I think of you, my love ... As always",ham
Just seeing your missed call my dear brother. Do have a gr8 day.,ham
Quite ok but a bit ex... U better go eat smth now else i'll feel guilty...,ham
NO GIFTS!! You trying to get me to throw myself off a cliff or something?,ham
Your gonna be the death if me. I'm gonna leave a note that says its all robs fault. Avenge me.,ham
Free 1st week entry 2 TEXTPOD 4 a chance 2 win 40GB iPod or £250 cash every wk. Txt POD to 84128 Ts&Cs www.textpod.net custcare 08712405020.,spam
"Storming msg: Wen u lift d phne, u say ""HELLO"" Do u knw wt is d real meaning of HELLO?? . . . It's d name of a girl..! . . . Yes.. And u knw who is dat girl?? ""Margaret Hello"" She is d girlfrnd f Grahmbell who invnted telphone... . . . . Moral:One can 4get d name of a person, bt not his girlfrnd... G o o d n i g h t . . .@",ham
Missing you too.pray inshah allah,ham
Oh. U must have taken your REAL Valentine out shopping first.,ham
Hows that watch resizing,ham
"K I'm ready,  &lt;#&gt; ?",ham
Sorry * was at the grocers.,ham
"Sir, I am waiting for your mail.",ham
You have an important customer service announcement. Call FREEPHONE 0800 542 0825 now!,spam
"Machan you go to gym tomorrow,  i wil come late goodnight.",ham
Aiyo cos i sms ü then ü neva reply so i wait 4 ü to reply lar. I tot ü havent finish ur lab wat.,ham
There are many company. Tell me the language.,ham
It shall be fine. I have avalarr now. Will hollalater,ham
"OH RITE. WELL IM WITH MY BEST MATE PETE, WHO I WENT OUT WITH 4 A WEEK+ NOW WERE 2GEVA AGAIN. ITS BEEN LONGER THAN A WEEK.",ham
"The  &lt;#&gt; g that i saw a few days ago, the guy wants sell wifi only for  &lt;#&gt;  and with 3g for  &lt;#&gt; . That's why i blanked him.",ham
"Pete,is this your phone still? Its Jenny from college and Leanne.what are you up to now?:)",ham
"The guy at the car shop who was flirting with me got my phone number from the paperwork and called and texted me. I'm nervous because of course now he may have my address. Should i call his boss and tell him, knowing this may get him fired?",ham
Lol alright i was thinkin that too haha,ham
Still chance there. If you search hard you will get it..let have a try :),ham
"Yeah, probably here for a while",ham
You're gonna have to be way more specific than that,ham
PS U no ur a grown up now right?,ham
Cramps stopped. Going back to sleep,ham
Boo. How's things? I'm back at home and a little bored already :-(,ham
That's necessarily respectful,ham
"They said if its gonna snow, it will start around 8 or 9 pm tonite! They are predicting an inch of accumulation.",ham
You won't believe it but it's true. It's Incredible Txts! Reply G now to learn truly amazing things that will blow your mind. From O2FWD only 18p/txt,spam
Its  &lt;#&gt; k here oh. Should i send home for sale.,ham
"Our dating service has been asked 2 contact U by someone shy! CALL 09058091870 NOW all will be revealed. POBox84, M26 3UZ 150p",spam
At home watching tv lor.,ham
"There'll be a minor shindig at my place later tonight, you interested?",ham
"Call 09094100151 to use ur mins! Calls cast 10p/min (mob vary). Service provided by AOM, just GBP5/month. AOM Box61,M60 1ER until u stop. Ages 18+ only!",spam
Do you still have the grinder?,ham
Fine. Do you remember me.,ham
I'm in office now da:)where are you?,ham
You have 1 new message. Please call 08712400200.,spam
WIN a £200 Shopping spree every WEEK Starting NOW. 2 play text STORE to 88039. SkilGme. TsCs08714740323 1Winawk! age16 £1.50perweeksub.,spam
What about this one then.,ham
K.k:)when are you going?,ham
URGENT! We are trying to contact U. Todays draw shows that you have won a £800 prize GUARANTEED. Call 09050003091 from land line. Claim C52. Valid12hrs only,spam
You have 1 new message. Please call 08715205273,spam
"I got another job! The one at the hospital doing data analysis or something, starts on monday! Not sure when my thesis will got finished",ham
He telling not to tell any one. If so treat for me hi hi hi,ham
Why tired what special there you had,ham
HI DARLIN ITS KATE ARE U UP FOR DOIN SOMETHIN TONIGHT? IM GOING TO A PUB CALLED THE SWAN OR SOMETHING WITH MY PARENTS FOR ONE DRINK SO PHONE ME IF U CAN,ham
"Goodnight, sleep well da please take care pa. Please.",ham
Idea will soon get converted to live:),ham
A lot of this sickness thing going round. Take it easy. Hope u feel better soon. Lol,ham
I meant as an apology from me for texting you to get me drugs at  &lt;#&gt; at night,ham
"Yeah we wouldn't leave for an hour at least, how's 4 sound?",ham
I was about to do it when i texted. I finished a long time ago and showered and er'ything!,ham
MY NO. IN LUTON 0125698789 RING ME IF UR AROUND! H*,ham
Todays Voda numbers ending 7548 are selected to receive a $350 award. If you have a match please call 08712300220 quoting claim code 4041 standard rates app,spam
"I think I‘m waiting for the same bus! Inform me when you get there, if you ever get there.",ham
"As usual..iam fine, happy &amp; doing well..:)",ham
Dear where you will be when i reach there,ham
Our brand new mobile music service is now live. The free music player will arrive shortly. Just install on your phone to browse content from the top artists.,spam
He remains a bro amongst bros,ham
Also andros ice etc etc,ham
"Derp. Which is worse, a dude who always wants to party or a dude who files a complaint about the three drug abusers he lives with",ham
"Easy mate, * guess the quick drink was bit ambitious.",ham
Are you ok. What happen to behave like this,ham
Want 2 get laid tonight? Want real Dogging locations sent direct 2 ur Mob? Join the UK's largest Dogging Network by txting MOAN to 69888Nyt. ec2a. 31p.msg@150p,spam
Actually getting ready to leave the house.,ham
The message sent is askin for  &lt;#&gt; dollars. Shoul i pay  &lt;#&gt;  or  &lt;#&gt; ?,ham
Ok I'm gonna head up to usf in like fifteen minutes,ham
I ain't answerin no phone at what is actually a pretty reasonable hour but I'm sleepy,ham
K..give back my thanks.,ham
How much for an eighth?,ham
FREE MSG:We billed your mobile number by mistake from shortcode 83332.Please call 08081263000 to have charges refunded.This call will be free from a BT landline,spam
And smile for me right now as you go and the world will wonder what you are smiling about and think your crazy and keep away from you ... *grins*,ham
Thanx u darlin!im cool thanx. A few bday drinks 2 nite. 2morrow off! Take care c u soon.xxx,ham
FREE entry into our £250 weekly competition just text the word WIN to 80086 NOW. 18 T&C www.txttowin.co.uk,spam
"Hmmm... Guess we can go 4 kb n power yoga... Haha, dunno we can tahan power yoga anot... Thk got lo oso, forgot liao...",ham
Hey i've booked the pilates and yoga lesson already... Haha,ham
I like to think there's always the possibility of being in a pub later.,ham
"That way transport is less problematic than on sat night. By the way, if u want to ask  n  to join my bday, feel free. But need to know definite nos as booking on fri.",ham
will you like to be spoiled? :),ham
"Awesome, that gonna be soon or later tonight?",ham
HELLO PEACH! MY CAKE TASTS LUSH!,ham
You always make things bigger than they are,ham
Yup but it's not giving me problems now so mayb i'll jus leave it...,ham
Why you Dint come with us.,ham
So how many days since then?,ham
* Am on a train back from northampton so i'm afraid not!,ham
"I wonder how you got online, my love ? Had you gone to the net cafe ? Did you get your phone recharged ? Were you on a friends net ? I think of you, boytoy",ham
Thanks for yesterday sir. You have been wonderful. Hope you enjoyed the burial. MojiBiola,ham
"Sorry my roommates took forever, it ok if I come by now?",ham
"I'm in a meeting, call me later at",ham
Every day i use to sleep after  &lt;#&gt;  so only.,ham
"Urgh, coach hot, smells of chip fat! Thanks again, especially for the duvet (not a predictive text word).",ham
"Shit that is really shocking and scary, cant imagine for a second. Def up for night out. Do u think there is somewhere i could crash for night, save on taxi?",ham
I went to project centre,ham
U have won a nokia 6230 plus a free digital camera. This is what u get when u win our FREE auction. To take part send NOKIA to 83383 now. POBOX114/14TCR/W1 16,spam
URGENT! We are trying to contact U. Todays draw shows that you have won a £800 prize GUARANTEED. Call 09050001808 from land line. Claim M95. Valid12hrs only,spam
Mm umma ask vava also to come tell him can play later together,ham
"K.. I yan jiu liao... Sat we can go 4 bugis vill one frm 10 to 3 den hop to parco 4 nb. Sun can go cine frm 1030 to 2, den hop to orc mrt 4 hip hop at 4...",ham
Oh and by the way you do have more food in your fridge! Want to go out for a meal tonight?,ham
Todays Voda numbers ending 1225 are selected to receive a £50award. If you have a match please call 08712300220 quoting claim code 3100 standard rates app,spam
Dear Voucher holder Have your next meal on us. Use the following link on your pc 2 enjoy a 2 4 1 dining experiencehttp://www.vouch4me.com/etlp/dining.asp,spam
K k:) sms chat with me.,ham
Ok. How many should i buy.,ham
"SMS. ac JSco: Energy is high, but u may not know where 2channel it. 2day ur leadership skills r strong. Psychic? Reply ANS w/question. End? Reply END JSCO",spam
2mro i am not coming to gym machan. Goodnight.,ham
"That means you got an A in epi, she.s fine. She.s here now.",ham
HAPPY NEW YEAR MY NO.1 MAN,ham
You still at the game?,ham
Audrie lousy autocorrect,ham
"Forgot it takes me 3 years to shower, sorry. Where you at/your phone dead yet?",ham
"Will do, you gonna be at blake's all night? I might be able to get out of here a little early",ham
"As a valued customer, I am pleased to advise you that following recent review of your Mob No. you are awarded with a £1500 Bonus Prize, call 09066368470",spam
88800 and 89034 are premium phone services call 08718711108,spam
It is only yesterday true true.,ham
Congrats kano..whr s the treat maga?,ham
That would be great. We'll be at the Guild. Could meet on Bristol road or somewhere - will get in touch over weekend. Our plans take flight! Have a good week,ham
You should know now. So how's anthony. Are you bringing money. I've school fees to pay and rent and stuff like that. Thats why i need your help. A friend in need....|,ham
U have a secret admirer who is looking 2 make contact with U-find out who they R*reveal who thinks UR so special-call on 09058094599,spam
Friendship poem: Dear O Dear U R Not Near But I Can Hear Dont Get Fear Live With Cheer No More Tear U R Always my Dear. Gud ni8,ham
And pls pls drink plenty plenty water,ham
"My planning usually stops at ""find hella weed, smoke hella weed""",ham
"Hmmm ... And imagine after you've come home from that having to rub my feet, make me dinner and help me get ready for my date ! Are you sure your ready for that kind of life ?",ham
"I'd say that's a good sign but, well, you know my track record at reading women",ham
I cant pick the phone right now. Pls send a message,ham
Ok.,ham
Customer place i will call you,ham
The guy did some bitching but I acted like i'd be interested in buying something else next week and he gave it to us for free,ham
PRIVATE! Your 2003 Account Statement for 07808 XXXXXX shows 800 un-redeemed S. I. M. points. Call 08719899217 Identifier Code: 41685 Expires 07/11/04,spam
"As I entered my cabin my PA said, '' Happy B'day Boss !!''. I felt special. She askd me 4 lunch. After lunch she invited me to her apartment. We went there.",ham
"The fact that you're cleaning shows you know why i'm upset. Your priority is constantly ""what i want to do,"" not ""what i need to do.""",ham
alright tyler's got a minor crisis and has to be home sooner than he thought so be here asap,ham
"aight we can pick some up, you open before tonight?",ham
But my family not responding for anything. Now am in room not went to home for diwali but no one called me and why not coming. It makes me feel like died.,ham
Haha... Really oh no... How? Then will they deduct your lesson tmr?,ham
Rofl betta invest in some  anti aging products,ham
Do you always celebrate NY's with your family ?,ham
"Storming msg: Wen u lift d phne, u say ""HELLO"" Do u knw wt is d real meaning of HELLO?? . . . It's d name of a girl..! . . . Yes.. And u knw who is dat girl?? ""Margaret Hello"" She is d girlfrnd f Grahmbell who invnted telphone... . . . . Moral:One can 4get d name of a person, bt not his girlfrnd... G o o d n i g h t . . .@",ham
Good night my dear.. Sleepwell&amp;Take care,ham
Do you want a New Nokia 3510i Colour Phone Delivered Tomorrow? With 200 FREE minutes to any mobile + 100 FREE text + FREE camcorder Reply or Call 08000930705,spam
You are right. Meanwhile how's project twins comin up,ham
Ee msg na poortiyagi odalebeku: Hanumanji 7 name 1-Hanuman 2-Bajarangabali 3-Maruti 4-Pavanaputra 5-Sankatmochan 6-Ramaduth 7-Mahaveer ee 7 name  &lt;#&gt;  janarige ivatte kalisidare next saturday olage ondu good news keluviri...! Maretare inde 1 dodda problum nalli siguviri idu matra  &lt;#&gt; % true.. Don't neglet.,ham
Send me your resume:-),ham
PRIVATE! Your 2003 Account Statement for <fone no> shows 800 un-redeemed S. I. M. points. Call 08715203656 Identifier Code: 42049 Expires 26/10/04,spam
cool. We will have fun practicing making babies!,ham
She told to hr that he want posting in chennai:)because i'm working here:),ham
MAKE SURE ALEX KNOWS HIS BIRTHDAY IS OVER IN FIFTEEN MINUTES AS FAR AS YOU'RE CONCERNED,ham
"I can't keep going through this. It was never my intention to run you out, but if you choose to do that rather than keep the room clean so *I* don't have to say no to visitors, then maybe that's the best choice. Yes, I wanted you to be embarassed, so maybe you'd feel for once how I feel when i have a friend who wants to drop buy and i have to say no, as happened this morning. I've tried everything. I don't know what else to do.",ham
on a Tuesday night r u 4 real,ham
So why didnt you holla?,ham
"Oops, I'll let you know when my roommate's done",ham
Argh why the fuck is nobody in town ;_;,ham
No message..no responce..what happend?,ham
"URGENT! Your Mobile No 07808726822 was awarded a £2,000 Bonus Caller Prize on 02/09/03! This is our 2nd attempt to contact YOU! Call 0871-872-9758 BOX95QU",spam
Mm i had my food da from out,ham
Are you driving or training?,ham
Will do. Have a good day,ham
Well there's not a lot of things happening in Lindsay on New years *sighs* Some bars in Ptbo and the blue heron has something going,ham
Good afternoon my boytoy. How goes that walking here and there day ? Did you get that police abstract? Are you still out and about? I wake and miss you babe,ham
Am new 2 club & dont fink we met yet Will B gr8 2 C U Please leave msg 2day wiv ur area 09099726553 reply promised CARLIE x Calls£1/minMobsmore LKPOBOX177HP51FL,spam
I will reach ur home in  &lt;#&gt;  minutes,ham
Hope you are feeling great. Pls fill me in. Abiola,ham
I will come to ur home now,ham
What is this 'hex' place you talk of? Explain!,ham
Love it! I want to flood that pretty pussy with cum...,ham
Pls confirm the time to collect the cheque.,ham
Also maaaan are you missing out,ham
SMS AUCTION - A BRAND NEW Nokia 7250 is up 4 auction today! Auction is FREE 2 join & take part! Txt NOKIA to 86021 now! HG/Suite342/2Lands Row/W1J6HL,spam
Well that must be a pain to catch,ham
Jus finish blowing my hair. U finish dinner already?,ham
"Love isn't a decision, it's a feeling. If we could decide who to love, then, life would be much simpler, but then less magical",ham
they released another Italian one today and it has a cosign option,ham
Oh oh... Den muz change plan liao... Go back have to yan jiu again...,ham
Can i get your opinion on something first?,ham
"Thanks for your ringtone order, reference number X29. Your mobile will be charged 4.50. Should your tone not arrive please call customer services 09065989180",spam
"Nothing much, chillin at home. Any super bowl plan?",ham
"Sorry, was in the bathroom, sup",ham
Valentines Day Special! Win over £1000 in our quiz and take your partner on the trip of a lifetime! Send GO to 83600 now. 150p/msg rcvd. CustCare:08718720201,spam
No i'm not gonna be able to. || too late notice. || i'll be home in a few weeks anyway. || what are the plans,ham
"sorry, no, have got few things to do. may be in pub later.",ham
"cmon babe, make me horny, *turn* me on! Txt me your fantasy now babe -) Im hot, sticky and need you now. All replies cost £1.50. 2 cancel send STOP",spam
Anything...,ham
Please call our customer service representative on FREEPHONE 0808 145 4742 between 9am-11pm as you have WON a guaranteed £1000 cash or £5000 prize!,spam
Ofcourse I also upload some songs,ham
Oh...i asked for fun. Haha...take care. ü,ham
Hey you can pay. With salary de. Only  &lt;#&gt; .,ham
"said kiss, kiss, i can't do the sound effects! He is a gorgeous man isn't he! Kind of person who needs a smile to brighten his day!",ham
", im .. On the snowboarding trip. I was wondering if your planning to get everyone together befor we go..a meet and greet kind of affair? Cheers,",ham
As per your request 'Maangalyam (Alaipayuthe)' has been set as your callertune for all Callers. Press *9 to copy your friends Callertune,ham
"Hi the way I was with u 2day, is the normal way&this is the real me. UR unique&I hope I know u 4 the rest of mylife. Hope u find wot was lost.",ham
Thanks for looking out for me. I really appreciate.,ham
Okay... I booked all already... Including the one at bugis.,ham
Be sure to check your yahoo email. We sent photos yesterday,ham
Are your freezing ? Are you home yet ? Will you remember to kiss your mom in the morning? Do you love me ? Do you think of me ? Are you missing me yet ?,ham
Even if he my friend he is a priest call him now,ham
Tension ah?what machi?any problem?,ham
We have pizza if u want,ham
Good words.... But words may leave u in dismay many times.,ham
"Did you hear about the new ""Divorce Barbie""? It comes with all of Ken's stuff!",spam
I had askd u a question some hours before. Its answer,ham
"Life is more strict than teacher... Bcoz Teacher teaches lesson &amp; then conducts exam, But Life first conducts Exam &amp; then teaches Lessons. Happy morning. . .",ham
If u laugh really loud.. If u talk spontaneously.. If u dont care what others feel.. U are probably with your dear &amp; best friends.. GOODEVENING Dear..:),ham
Yeah whatever lol,ham
You have 1 new message. Call 0207-083-6089,spam
Money i have won wining number 946 wot do i do next,spam
"Yeah, where's your class at?",ham
My sort code is  and acc no is . The bank is natwest. Can you reply to confirm i've sent this to the right person!,ham
Yep get with the program. You're slacking.,ham
Guess who spent all last night phasing in and out of the fourth dimension,ham
I'm awake oh. What's up.,ham
Yeah do! Don‘t stand to close tho- you‘ll catch something!,ham
Cold. Dont be sad dear,ham
For taking part in our mobile survey yesterday! You can now have 500 texts 2 use however you wish. 2 get txts just send TXT to 80160 T&C www.txt43.com 1.50p,spam
"Better than bb. If he wont use it, his wife will or them doctor",ham
Lol I know! Hey someone did a great inpersonation of flea on the forums. I love it!,ham
Love you aathi..love u lot..,ham
SplashMobile: Choose from 1000s of gr8 tones each wk! This is a subscrition service with weekly tones costing 300p. U have one credit - kick back and ENJOY,spam
"Dear,regret i cudnt pick call.drove down frm ctla now at cochin home.left mobile in car..ente style ishtamayoo?happy bakrid!",ham
Message:some text missing* Sender:Name Missing* *Number Missing *Sent:Date missing *Missing U a lot thats y everything is missing sent via fullonsms.com,ham
"Good morning, my boytoy! How's those yummy lips ? Where's my sexy buns now ? What do you do ? Do you think of me ? Do you crave me ? Do you need me ?",ham
Congratulations ur awarded 500 of CD vouchers or 125gift guaranteed & Free entry 2 100 wkly draw txt MUSIC to 87066 TnCs www.Ldew.com1win150ppmx3age16,spam
Ha... Then we must walk to everywhere... Cannot take tram. My cousin said can walk to vic market from our hotel,ham
"Good evening Sir, Al Salam Wahleykkum.sharing a happy news.By the grace of God, i got an offer from Tayseer,TISSCO and i joined.Hope you are fine.Inshah Allah,meet you sometime.Rakhesh,visitor from India.",ham
Hello! How r u? Im bored. Inever thought id get bored with the tv but I am. Tell me something exciting has happened there? Anything! =/,ham
"You have won ?1,000 cash or a ?2,000 prize! To claim, call09050000327",spam
Mum ask ü to buy food home...,ham
Please ask mummy to call father,ham
Hmm ill have to think about it... ok you're forgiven! =D,ham
IM LATE TELLMISS IM ON MY WAY,ham
"Total disappointment, when I texted you was the craziest shit got :(",ham
What class of  &lt;#&gt;  reunion?,ham
"Final Chance! Claim ur £150 worth of discount vouchers today! Text YES to 85023 now! SavaMob, member offers mobile! T Cs SavaMob POBOX84, M263UZ. £3.00 Subs 16",spam
"Sorry, I'll call later",ham
twenty past five he said will this train have been to durham already or not coz i am in a reserved seat,ham
U come n search tat vid..not finishd..,ham
Buy Space Invaders 4 a chance 2 win orig Arcade Game console. Press 0 for Games Arcade (std WAP charge) See o2.co.uk/games 4 Terms + settings. No purchase,spam
"OH MR SHEFFIELD! You wanna play THAT game, okay. You're the boss and I'm the nanny. You give me a raise and I'll give YOU one!!",ham
sports fans - get the latest sports news str* 2 ur mobile 1 wk FREE PLUS a FREE TONE Txt SPORT ON to 8007 www.getzed.co.uk 0870141701216+ norm 4txt/120p,spam
Mm that time you dont like fun,ham
I am on the way to ur home,ham
How's ur paper?,ham
Was playng 9 doors game and gt racing on phone lol,ham
Stupid.its not possible,ham
"Okey dokey, i‘ll be over in a bit just sorting some stuff out.",ham
Call me when you get the chance plz &lt;3,ham
"&lt;#&gt; , that's all? Guess that's easy enough",ham
"SMS. ac Blind Date 4U!: Rodds1 is 21/m from Aberdeen, United Kingdom. Check Him out http://img. sms. ac/W/icmb3cktz8r7!-4 no Blind Dates send HIDE",spam
Mm you ask him to come its enough :-),ham
Ok... Thanx... Gd nite 2 ü too...,ham
"not that I know of, most people up here are still out of town",ham
That's y u haf 2 keep me busy...,ham
Are you wet right now?,ham
"Yeah that's what I thought, lemme know if anything's goin on later",ham
Going thru a very different feeling.wavering decisions and coping up with the same is the same individual.time will heal everything i believe.,ham
"A famous quote : when you develop the ability to listen to 'anything' unconditionally without losing your temper or self confidence, it means you are ......... 'MARRIED'",ham
"Gumby's has a special where a  &lt;#&gt; "" cheese pizza is $2 so I know what we're doin tonight",ham
Dunno lei he neva say...,ham
"TheMob>Hit the link to get a premium Pink Panther game, the new no. 1 from Sugababes, a crazy Zebra animation or a badass Hoody wallpaper-all 4 FREE!",spam
Hmm thinking lor...,ham
Hi:)cts employee how are you?,ham
Free entry in 2 a weekly comp for a chance to win an ipod. Txt POD to 80182 to get entry (std txt rate) T&C's apply 08452810073 for details 18+,spam
"K will do, addie &amp; I are doing some art so I'll be here when you get home",ham
I think you should go the honesty road. Call the bank tomorrow. Its the tough decisions that make us great people.,ham
Gettin rdy to ship comp,ham
No message..no responce..what happend?,ham
1's reach home call me.,ham
"Dear friends, sorry for the late information. Today is the birthday of our loving Ar.Praveesh. for more details log on to face book and see. Its his number + &lt;#&gt; . Dont miss a delicious treat.",ham
Today is ACCEPT DAY..U Accept me as? Brother Sister Lover Dear1 Best1 Clos1 Lvblefrnd Jstfrnd Cutefrnd Lifpartnr Belovd Swtheart Bstfrnd No rply means enemy,ham
Becoz its  &lt;#&gt;  jan whn al the post ofice is in holiday so she cn go fr the post ofice...got it duffer,ham
I don't think he has spatula hands!,ham
"Short But Cute : "" Be a good person , but dont try to prove"" ..... Gud mrng...",ham
Now only i reached home. . . I am very tired now. . I will come tomorro,ham
"Sorry, I'll call later",ham
No..jst change tat only..,ham
"HOT LIVE FANTASIES call now 08707509020 Just 20p per min NTT Ltd, PO Box 1327 Croydon CR9 5WB 0870 is a national rate call",spam
"Probably, want to pick up more?",ham
Ok.,ham
Tell them u have a headache and just want to use 1 hour of sick time.,ham
Yes princess! I want to please you every night. Your wish is my command...,ham
"Height of Confidence: All the Aeronautics professors wer calld &amp; they wer askd 2 sit in an aeroplane. Aftr they sat they wer told dat the plane ws made by their students. Dey all hurried out of d plane.. Bt only 1 didnt move... He said:""if it is made by my students,this wont even start........ Datz confidence..",ham
Meet after lunch la...,ham
"Mah b, I'll pick it up tomorrow",ham
"TODAY is Sorry day.! If ever i was angry with you, if ever i misbehaved or hurt you? plz plz JUST SLAP URSELF Bcoz, Its ur fault, I'm basically GOOD",ham
Eh den sat u book e kb liao huh...,ham
I will vote for wherever my heart guides me,ham
Want a new Video Phone? 750 anytime any network mins? Half price line rental free text for 3 months? Reply or call 08000930705 for free delivery,spam
I'm serious. You are in the money base,ham
Hey morning what you come to ask:-) pa...,ham
"Merry Christmas to you too babe, i love ya *kisses*",ham
"Time n Smile r the two crucial things in our life. Sometimes time makes us to forget smile, and sometimes someone's smile makes us to forget time gud noon",ham
Do you want a New Nokia 3510i colour phone DeliveredTomorrow? With 300 free minutes to any mobile + 100 free texts + Free Camcorder reply or call 08000930705.,spam
U wan 2 haf lunch i'm in da canteen now.,ham
You are a winner U have been specially selected 2 receive £1000 cash or a 4* holiday (flights inc) speak to a live operator 2 claim 0871277810810,spam
Oh ok no prob..,ham
Tell me something. Thats okay.,ham
Yes princess! I want to catch you with my big strong hands...,ham
Neshanth..tel me who r u?,ham
"Hello, my love! How goes that day ? I wish your well and fine babe and hope that you find some job prospects. I miss you, boytoy ... *a teasing kiss*",ham
"Awesome, text me when you're restocked",ham
Convey my regards to him,ham
Hasn't that been the pattern recently crap weekends?,ham
Yup he msg me: is tat yijue? Then i tot it's my group mate cos we meeting today mah... I'm askin if ü leaving earlier or wat mah cos mayb ü haf to walk v far...,ham
Oh ho. Is this the first time u use these type of words,ham
I don't quite know what to do. I still can't get hold of anyone. I cud pick you up bout 7.30pm and we can see if they're in the pub?,ham
That's cause your old. I live to be high.,ham
"Dont give a monkeys wot they think and i certainly don't mind. Any friend of mine&all that! Just don't sleep wiv , that wud be annoyin!",ham
"I'm in a meeting, call me later at",ham
"Alright, we're all set here, text the man",ham
"""AH POOR BABY!HOPE URFEELING BETTERSN LUV! PROBTHAT OVERDOSE OF WORK HEY GO CAREFUL SPK 2 U SN LOTS OF LOVEJEN XXX.""",ham
I'm hungry buy smth home...,ham
How i noe... Did ü specify da domain as nusstu... Ü still in sch...,ham
If you r @ home then come down within 5 min,ham
Oh just getting even with u.... u?,ham
Ü still got lessons?  Ü in sch?,ham
Unfortunately i've just found out that we have to pick my sister up from the airport that evening so don't think i'll be going out at all. We should try to go out one of th,ham
"Somewhr someone is surely made 4 u. And God has decided a perfect time to make u meet dat person. . . . till den, . . . . . Enjoy ur crushes..!!!;-)",ham
Carlos'll be here in a minute if you still need to buy,ham
I've not sent it. He can send me.,ham
"""NOT ENUFCREDEIT TOCALL.SHALL ILEAVE UNI AT 6 +GET A BUS TO YOR HOUSE?""",ham
Wake me up at  &lt;#&gt;  am morning:),ham
Well then you have a great weekend!,ham
I'm leaving my house now.,ham
"Hello, my love ! How went your day ? Are you alright ? I think of you, my sweet and send a jolt to your heart to remind you ... I LOVE YOU! Can you hear it ? I screamed it across the sea for all the world to hear. Ahmad al Hallaq is loved ! and owned ! *possessive passionate kiss*",ham
"MOON has come to color your dreams, STARS to make them musical and my SMS to give you warm and Peaceful Sleep. Good Night",ham
My darling sister. How are you doing. When's school resuming. Is there a minimum wait period before you reapply? Do take care,ham
Welp apparently he retired,ham
"I am real, baby! I want to bring out your inner tigress...",ham
Home so we can always chat,ham
That's ok. I popped in to ask bout something and she said you'd been in. Are you around tonght wen this girl comes?,ham
"Get 3 Lions England tone, reply lionm 4 mono or lionp 4 poly. 4 more go 2 www.ringtones.co.uk, the original n best. Tones 3GBP network operator rates apply.",spam
I can do that! I want to please you both inside and outside the bedroom...,ham
Lol enjoy role playing much?,ham
Just checking in on you. Really do miss seeing Jeremiah. Do have a great month,ham
"""Are you comingdown later?""",ham
No it will reach by 9 only. She telling she will be there. I dont know,ham
Or u ask they all if next sat can a not. If all of them can make it then i'm ok lor.,ham
"The guy (kadeem) hasn't been selling since the break, I know one other guy but he's paranoid as fuck and doesn't like selling without me there and I can't be up there til late tonight",ham
Can not use foreign stamps in this country. Good lecture .,ham
"Haha... Where got so fast lose weight, thk muz go 4 a month den got effect... Gee,later we go aust put bk e weight.",ham
Sexy Singles are waiting for you! Text your AGE followed by your GENDER as wither M or F E.G.23F. For gay men text your AGE followed by a G. e.g.23G.,spam
", ,  and  picking them up from various points | going 2 yeovil | and they will do the motor project 4 3 hours | and then u take them home. || 12 2 5.30 max. || Very easy",ham
Oh:)as usual vijay film or its different?,ham
How much it will cost approx . Per month.,ham
"Idk. You keep saying that you're not, but since he moved, we keep butting heads over freedom vs. responsibility. And i'm tired. I have so much other shit to deal with that i'm barely keeping myself together once this gets added to it.",ham
If i not meeting ü all rite then i'll go home lor. If ü dun feel like comin it's ok.,ham
"Aight, I'll text you when I'm back",ham
Good Morning my Dear........... Have a great &amp; successful day.,ham
Just chill for another 6hrs. If you could sleep the pain is not a surgical emergency so see how it unfolds. Okay,ham
"Dear Sir,Salam Alaikkum.Pride and Pleasure meeting you today at the Tea Shop.We are pleased to send you our contact number at Qatar.Rakhesh an Indian.Pls save our Number.Respectful Regards.",ham
Dude while were makin those weirdy brownies my sister made awesome cookies. I took pics.,ham
Hey loverboy! I love you !! I had to tell ... I look at your picture and ache to feel you between my legs ... Fuck I want you ... I need you ... I crave you .,ham
URGENT This is our 2nd attempt to contact U. Your £900 prize from YESTERDAY is still awaiting collection. To claim CALL NOW 09061702893,spam
Hey tmr maybe can meet you at yck,ham
Yes I know the cheesy songs from frosty the snowman :),ham
I am waiting for your call sir.,ham
"Alright we're hooked up, where you guys at",ham
Dunno y u ask me.,ham
"Nah man, my car is meant to be crammed full of people",ham
CERI U REBEL! SWEET DREAMZ ME LITTLE BUDDY!! C YA 2MORO! WHO NEEDS BLOKES,ham
"Today's Offer! Claim ur £150 worth of discount vouchers! Text YES to 85023 now! SavaMob, member offers mobile! T Cs 08717898035. £3.00 Sub. 16 . Unsub reply X",spam
S.this will increase the chance of winning.,ham
U definitely need a module from e humanities dis sem izzit? U wan 2 take other modules 1st?,ham
Meanwhile in the shit suite: xavier decided to give us  &lt;#&gt;  seconds of warning that samantha was coming over and is playing jay's guitar to impress her or some shit. Also I don't think doug realizes I don't live here anymore,ham
Ya:)going for restaurant..,ham
S.i'm watching it in live..,ham
http//tms. widelive.com/index. wml?id=820554ad0a1705572711&first=true¡C C Ringtone¡,spam
Have you heard about that job? I'm going to that wildlife talk again tonight if u want2come. Its that2worzels and a wizzle or whatever it is?!,ham
Tomarrow i want to got to court. At  &lt;DECIMAL&gt; . So you come to bus stand at 9.,ham
&lt;#&gt;  mins but i had to stop somewhere first.,ham
Its a valentine game. . . Send dis msg to all ur friends. .. If 5 answers r d same then someone really loves u. Ques- which colour suits me the best?rply me,ham
Haha okay... Today weekend leh...,ham
"Madam,regret disturbance.might receive a reference check from DLF Premarica.kindly be informed.Rgds,Rakhesh,Kerala.",ham
I dont thnk its a wrong calling between us,ham
No drama Pls.i have had enough from you and family while i am struggling in the hot sun in a strange place.No reason why there should be an ego of not going 'IF NOT INVITED' when actually its necessity to go.wait for very serious reppurcussions.,ham
Up to ü... Ü wan come then come lor... But i din c any stripes skirt...,ham
Sac will score big hundred.he is set batsman:-),ham
Text her. If she doesnt reply let me know so i can have her log in,ham
* Will be september by then!,ham
Howz pain.it will come down today.do as i said ystrday.ice and medicine.,ham
"Every King Was Once A Crying Baby And Every Great Building Was Once A Map.. Not Imprtant Where U r TODAY, BUT Where U Wil Reach TOMORW. Gud ni8",ham
"""ME 2 BABE I FEEL THE SAME LETS JUST 4GET ABOUT IT+BOTH TRY +CHEER UP+NOT FIT SOO MUCHXXLOVE U LOCAXX""",ham
Yo dude guess who just got arrested the other day,ham
Well good morning mr . Hows london treatin' ya treacle?,ham
Old Orchard near univ. How about you?,ham
"Ever green quote ever told by Jerry in cartoon ""A Person Who Irritates u Always Is the one Who Loves u Vry Much But Fails to Express It...!..!! :-) :-) gud nyt",ham
Ok no prob,ham
K actually can you guys meet me at the sunoco on howard? It should be right on the way,ham
Well i will watch shrek in 3D!!B),ham
"So many people seems to be special at first sight, But only very few will remain special to you till your last sight.. Maintain them till life ends.. take cr da",ham
"""Im on gloucesterroad what are uup to later?""",ham
I am going to sleep. I am tired of travel.,ham
Nothing spl..wat abt u and whr ru?,ham
"""ER, ENJOYIN INDIANS AT THE MO..yeP. SaLL gOoD HehE ;> hows bout u shexy? Pete Xx""",ham
I.ll post her out l8r. In class,ham
This is the 2nd time we have tried to contact u. U have won the £1450 prize to claim just call 09053750005 b4 310303. T&Cs/stop SMS 08718725756. 140ppm,spam
Every monday..nxt week vl be completing..,ham
"Well done, blimey, exercise, yeah, i kinda remember wot that is, hmm.",ham
He dint tell anything. He is angry on me that why you told to abi.,ham
Wat r u doing?,ham
"Hello, yeah i've just got out of the bath and need to do my hair so i'll come up when i'm done, yeah?",ham
"Sorry, I'll call later in meeting any thing related to trade please call Arul. &lt;#&gt;",ham
Sunshine Quiz Wkly Q! Win a top Sony DVD player if u know which country the Algarve is in? Txt ansr to 82277. £1.50 SP:Tyrone,spam
"Thank you, winner notified by sms. Good Luck! No future marketing reply STOP to 84122 customer services 08450542832",spam
"Say this slowly.? GOD,I LOVE YOU &amp; I NEED YOU,CLEAN MY HEART WITH YOUR BLOOD.Send this to Ten special people &amp; u c miracle tomorrow, do it,pls,pls do it...",ham
"Sad story of a Man - Last week was my b'day. My Wife did'nt wish me. My Parents forgot n so did my Kids . I went to work. Even my Colleagues did not wish. As I entered my cabin my PA said, '' Happy B'day Boss !!''. I felt special. She askd me 4 lunch. After lunch she invited me to her apartment. We went there. She said,'' do u mind if I go into the bedroom for a minute ? '' ''OK'', I sed in a sexy mood. She came out 5 minuts latr wid a cake...n My Wife, My Parents, My Kidz, My Friends n My Colleagues. All screaming.. SURPRISE !! and I was waiting on the sofa.. ... ..... ' NAKED...!",ham
Oi when you gonna ring,ham
Which channel:-):-):):-).,ham
Boo what time u get out? U were supposed to take me shopping today. :(,ham
Wat so late still early mah. Or we juz go 4 dinner lor. Aiya i dunno...,ham
"""CAN I PLEASE COME UP NOW IMIN TOWN.DONTMATTER IF URGOIN OUTL8R,JUST REALLYNEED 2DOCD.PLEASE DONTPLEASE DONTIGNORE MYCALLS,U NO THECD ISV.IMPORTANT TOME 4 2MORO""",ham
FREE camera phones with linerental from 4.49/month with 750 cross ntwk mins. 1/2 price txt bundle deals also avble. Call 08001950382 or call2optout/J MF,spam
Hey! Congrats 2u2. id luv 2 but ive had 2 go home!,ham
Dunno leh cant remember mayb lor. So wat time r we meeting tmr?,ham
Why nothing. Ok anyway give me treat,ham
I wonder if you'll get this text?,ham
"Helloooo... Wake up..! ""Sweet"" ""morning"" ""welcomes"" ""You"" ""Enjoy"" ""This Day"" ""with full of joy"".. ""GUD MRNG"".",ham
K fyi x has a ride early tomorrow morning but he's crashing at our place tonight,ham
Havent planning to buy later. I check already lido only got 530 show in e afternoon. U finish work already?,ham
Dunno lei ü all decide lor. How abt leona? Oops i tot ben is going n i msg him.,ham
That is wondar full flim.,ham
Reply to win £100 weekly! Where will the 2006 FIFA World Cup be held? Send STOP to 87239 to end service,spam
No..he joined today itself.,ham
Am I the only one who doesn't stalk profiles?,ham
No * am working on the ringing u thing but have whole houseful of screaming brats so * am pulling my hair out! Loving u,ham
Am okay. Will soon be over. All the best,ham
Senthil group company Apnt 5pm.,ham
This msg is for your mobile content order It has been resent as previous attempt failed due to network error Queries to customersqueries@netvision.uk.com,spam
do u think that any girl will propose u today by seing ur bloody funky shit fucking face...............asssssholeeee................,ham
"Night has ended for another day, morning has come in a special way. May you smile like the sunny rays and leaves your worries at the blue blue bay. Gud mrng",ham
Stupid.its not possible,ham
tells u 2 call 09066358152 to claim £5000 prize. U have 2 enter all ur mobile & personal details @ the prompts. Careful!,spam
Wife.how she knew the time of murder exactly,ham
I know a few people I can hit up and fuck to the yes,ham
"Why is that, princess? I bet the brothas are all chasing you!",ham
FreeMsg Hi baby wow just got a new cam moby. Wanna C a hot pic? or Fancy a chat?Im w8in 4uTxt / rply CHAT to 82242 Hlp 08712317606 Msg150p 2rcv,spam
jay says he'll put in  &lt;#&gt;,ham
I am in your office na.,ham
Do you know where my lab goggles went,ham
R ü comin back for dinner?,ham
"BangBabes Ur order is on the way. U SHOULD receive a Service Msg 2 download UR content. If U do not, GoTo wap. bangb. tv on UR mobile internet/service menu",spam
More people are dogging in your area now. Call 09090204448 and join like minded guys. Why not arrange 1 yourself. There's 1 this evening. A£1.50 minAPN LS278BB,spam
how tall are you princess?,ham
How much u trying to get?,ham
U ned to convince him tht its not possible witot hurting his feeling its the main,ham
;-) ok. I feel like john lennon.,ham
Hi. Hope you had a good day. Have a better night.,ham
Weightloss! No more girl friends. Make loads of money on ebay or something. And give thanks to God.,ham
Were somewhere on Fredericksburg,ham
Its ok..come to my home it vl nice to meet and v can chat..,ham
Was just about to ask. Will keep this one. Maybe that's why you didn't get all the messages we sent you on glo,ham
How are you doing? Hope you've settled in for the new school year. Just wishin you a gr8 day,ham
I wil be there with in  &lt;#&gt;  minutes. Got any space,ham
Ok no prob...,ham
Hi.what you think about match?,ham
"I'm there and I can see you, but you can't see me ? Maybe you should reboot ym ? I seen the buzz",ham
"No worries, hope photo shoot went well. have a spiffing fun at workage.",ham
Mobile Club: Choose any of the top quality items for your mobile. 7cfca1a,spam
No need to buy lunch for me.. I eat maggi mee..,ham
Yes... I trust u to buy new stuff ASAP so I can try it out,ham
Honestly i've just made a lovely cup of tea and promptly dropped my keys in it and then burnt my fingers getting them out!,ham
"Whenevr ur sad, Whenevr ur gray, Remembr im here 2 listn 2 watevr u wanna say, Jus walk wid me a little while,&amp; I promise I'll bring back ur smile.:-)",ham
"I'll text carlos and let you know, hang on",ham
Oh all have to come ah?,ham
what are your new years plans?,ham
"Jolly good! By the way,  will give u tickets for sat eve 7.30. Speak before then x",ham
How much you got for cleaning,ham
Huh so slow i tot u reach long ago liao... U 2 more days only i 4 more leh...,ham
"A boy was late 2 home. His father: ""POWER OF FRNDSHIP""",ham
We'll join the  &lt;#&gt;  bus,ham
Yes:)here tv is always available in work place..,ham
Lol you won't feel bad when I use her money to take you out to a steak dinner =D,ham
Yes.he have good crickiting mind,ham
This is wishing you a great day. Moji told me about your offer and as always i was speechless. You offer so easily to go to great lengths on my behalf and its stunning. My exam is next friday. After that i will keep in touch more. Sorry.,ham
Convey my regards to him,ham
I also thk too fast... Xy suggest one not me. U dun wan it's ok. Going 2 rain leh where got gd.,ham
Hope ur head doesn't hurt 2 much ! Am ploughing my way through a pile of ironing ! Staying in with a chinky tonight come round if you like.,ham
Is xy going 4 e lunch?,ham
Thanx a lot...,ham
Hi there. We have now moved in2 our pub . Would be great 2 c u if u cud come up.,ham
I'm at home n ready...,ham
Urgent! Please call 09061213237 from landline. £5000 cash or a luxury 4* Canary Islands Holiday await collection. T&Cs SAE PO Box 177. M227XY. 150ppm. 16+,spam
Now thats going to ruin your thesis!,ham
Collect your VALENTINE'S weekend to PARIS inc Flight & Hotel + £200 Prize guaranteed! Text: PARIS to No: 69101. www.rtf.sphosting.com,spam
"That‘s the thing with apes, u can fight to the death to keep something, but the minute they have it when u let go, thats it!",ham
NEFT Transaction with reference number  &lt;#&gt;  for Rs. &lt;DECIMAL&gt;  has been credited to the beneficiary account on  &lt;#&gt;  at  &lt;TIME&gt; : &lt;#&gt;,ham
Do you want 750 anytime any network mins 150 text and a NEW video phone for only five pounds per week call 08000776320 now or reply for delivery Tomorrow,spam
What time you coming down later?,ham
You need to get up. Now.,ham
Havent.,ham
Have a nice day my dear.,ham
"Hey, can you tell me blake's address? Carlos wanted me to meet him there but I got lost and he's not answering his phone",ham
And of course you should make a stink!,ham
"Yo, call me when you get the chance, a friend of mine wanted me to ask you about a big order",ham
Also hi wesley how've you been,ham
Or remind me in a few hrs.,ham
"I shall book chez jules for half eight, if that's ok with you?",ham
"Cool, text me when you're ready",ham
"Someone U know has asked our dating service 2 contact you! Cant guess who? CALL 09058095107 NOW all will be revealed. POBox 7, S3XY 150p",spam
Purity of friendship between two is not about smiling after reading the forwarded message..Its about smiling just by seeing the name. Gud evng musthu,ham
Your board is working fine. The issue of overheating is also reslove. But still software inst is pending. I will come around 8'o clock.,ham
Have you bookedthe hut? And also your time off? How are you by the way?,ham
How much she payed. Suganya.,ham
Sounds better than my evening im just doing my costume. Im not sure what time i finish tomorrow but i will txt you at the end.,ham
Bloomberg -Message center +447797706009 Why wait? Apply for your future http://careers. bloomberg.com,spam
"Sorry, I'll call later in meeting",ham
Hi:)did you asked to waheeda fathima about leave?,ham
No messages on her phone. I'm holding it now,ham
Wah... Okie okie... Muz make use of e unlimited... Haha...,ham
Are you willing to go for apps class.,ham
okmail: Dear Dave this is your final notice to collect your 4* Tenerife Holiday or #5000 CASH award! Call 09061743806 from landline. TCs SAE Box326 CW25WX 150ppm,spam
Well there's still a bit left if you guys want to tonight,ham
WHO ARE YOU SEEING?,ham
Water logging in desert. Geoenvironmental implications.,ham
I just saw ron burgundy captaining a party boat so yeah,ham
I tot it's my group mate... Lucky i havent reply... Wat time do ü need to leave...,ham
"So many people seems to be special at first sight, But only very few will remain special to you till your last sight.. Maintain them till life ends.. Sh!jas",ham
MMM ... Fuck .... Merry Christmas to me,ham
"Good morning, im suffering from fever and dysentry ..will not be able to come to office today.",ham
Now got tv 2 watch meh? U no work today?,ham
Just got up. have to be out of the room very soon. …. i hadn't put the clocks back til at 8 i shouted at everyone to get up and then realised it was 7. wahay. another hour in bed.,ham
Wat's da model num of ur phone?,ham
K... Must book a not huh? so going for yoga basic on sunday?,ham
"Shop till u Drop, IS IT YOU, either 10K, 5K, £500 Cash or £100 Travel voucher, Call now, 09064011000. NTT PO Box CR01327BT fixedline Cost 150ppm mobile vary",spam
I have to take exam with in march 3,ham
"URGENT! Your mobile No 07xxxxxxxxx won a £2,000 bonus caller prize on 02/06/03! this is the 2nd attempt to reach YOU! call 09066362231 ASAP! BOX97N7QP, 150PPM",spam
"Mum, i've sent you many many messages since i got here. I just want to know that you are actually getting them. Do enjoy the rest of your day.",ham
My computer just fried the only essential part we don't keep spares of because my fucking idiot roommates looovvve leaving the thing running on full  &lt;#&gt; /7,ham
Ü dun wan to watch infernal affair?,ham
Yes but can we meet in town cos will go to gep and then home. You could text at bus stop. And don't worry we'll have finished by march … ish!,ham
R we still meeting 4 dinner tonight?,ham
See? I thought it all through,ham
Boy you best get yo ass out here quick,ham
Double your mins & txts on Orange or 1/2 price linerental - Motorola and SonyEricsson with B/Tooth FREE-Nokia FREE Call MobileUpd8 on 08000839402 or2optout/HV9D,spam
Yes watching footie but worried we're going to blow it - Phil Neville?,ham
Dont put your phone on silent mode ok,ham
Am only searching for good dual sim mobile pa.,ham
"Tell you what, if you make a little spreadsheet and track whose idea it was to smoke to determine who ""smokes too much"" for the entire month of february, I'll come up",ham
URGENT! We are trying to contact you. Last weekends draw shows that you have won a £900 prize GUARANTEED. Call 09061701939. Claim code S89. Valid 12hrs only,spam
If he started searching he will get job in few days.he have great potential and talent.,ham
"It's that time of the week again, ryan",ham
Call from 08702490080 - tells u 2 call 09066358152 to claim £5000 prize. U have 2 enter all ur mobile & personal details @ the prompts. Careful!,spam
Its a valentine game. . . send dis msg to all ur friends. . If 5 answers r d same then someone really loves u. . Ques- which colour suits me the best?,ham
In other news after hassling me to get him weed for a week andres has no money. HAUGHAIGHGTUJHYGUJ,ham
Nice.nice.how is it working?,ham
"Dear Voucher Holder, 2 claim this weeks offer, at your PC go to http://www.e-tlp.co.uk/expressoffer Ts&Cs apply.2 stop texts txt STOP to 80062.",spam
How are you babes. Hope your doing ok. I had a shit nights sleep. I fell asleep at 5.Im knackered and im dreading work tonight. What are thou upto tonight. X,ham
Shuhui say change 2 suntec steamboat? U noe where? Where r u now?,ham
Ok lor wat time ü finish?,ham
* Thought I didn't see you.,ham
"Jay told me already, will do",ham
Where are you ? You said you would be here when I woke ... :-(,ham
PLEASSSSSSSEEEEEE TEL ME V AVENT DONE SPORTSx,ham
"How about clothes, jewelry, and trips?",ham
"I'm in a meeting, call me later at",ham
"One of best dialogue in cute reltnship..!! ""Wen i Die, Dont Come Near My Body..!! Bcoz My Hands May Not Come 2 Wipe Ur Tears Off That Time..!Gud ni8",ham
WIN URGENT! Your mobile number has been awarded with a £2000 prize GUARANTEED call 09061790121 from land line. claim 3030 valid 12hrs only 150ppm,spam
Well its not like you actually called someone a punto. That woulda been worse.,ham
Wrong phone! This phone! I answer this one but assume the other is people i don't well,ham
Well. You know what i mean. Texting,ham
U can call now...,ham
I have gone into get info bt dont know what to do,ham
I will see in half an hour,ham
Sorry i din lock my keypad.,ham
"No, its true..k,Do u knw dis no. &lt;#&gt; ?",ham
U can call me now...,ham
Aiyar dun disturb u liao... Thk u have lots 2 do aft ur cupboard come...,ham
"My life Means a lot to me, Not because I love my life, But because I love the people in my life, The world calls them friends, I call them my World:-).. Ge:-)..",ham
We're finally ready fyi,ham
O. Well uv causes mutations. Sunscreen is like essential thesedays,ham
"1.20 that call cost. Which i guess isnt bad. Miss ya, need ya, want ya, love ya",ham
Will be office around 4 pm. Now i am going hospital.,ham
SMS AUCTION You have won a Nokia 7250i. This is what you get when you win our FREE auction. To take part send Nokia to 86021 now. HG/Suite342/2Lands Row/W1JHL 16+,spam
Yes fine,ham
Yar but they say got some error.,ham
Yo you guys ever figure out how much we need for alcohol? Jay and I are trying to figure out how much we can safely spend on weed,ham
"Camera quite good, 10.1mega pixels, 3optical and 5digital dooms. Have a lovely holiday, be safe and i hope you hav a good journey! Happy new year to you both! See you in a couple of weeks!",ham
Simply sitting and watching match in office..,ham
Prabha..i'm soryda..realy..frm heart i'm sory,ham
Gudnite....tc...practice going on,ham
HI BABE IM AT HOME NOW WANNA DO SOMETHING? XX,ham
I can send you a pic if you like :),ham
So u wan 2 come for our dinner tonight a not?,ham
I was up all night too worrying about this appt. It's a shame we missed a girls night out with quizzes popcorn and you doing my hair.,ham
"Good afternoon loverboy ! How goes you day ? Any luck come your way? I think of you, sweetie and send my love across the sea to make you smile and happy",ham
"Honeybee Said: *I'm d Sweetest in d World* God Laughed &amp; Said: *Wait,U Havnt Met d Person Reading This Msg* MORAL: Even GOD Can Crack Jokes! GM+GN+GE+GN:)",ham
Maybe you should find something else to do instead???,ham
Hi Petey!noim ok just wanted 2 chat coz avent spoken 2 u 4 a long time-hope ur doin alrite.have good nit at js love ya am.x,ham
"Yes obviously, but you are the eggs-pert and the potato head… Speak soon!",ham
"Kind of. Just missed train cos of asthma attack, nxt one in half hr so driving in. not sure where to park.",ham
You have WON a guaranteed £1000 cash or a £2000 prize. To claim yr prize call our customer service representative on 08714712379 between 10am-7pm Cost 10p,spam
"Free entry to the gr8prizes wkly comp 4 a chance to win the latest Nokia 8800, PSP or £250 cash every wk.TXT GREAT to 80878 http//www.gr8prizes.com 08715705022",spam
Santa calling! Would your little ones like a call from Santa Xmas Eve? Call 09077818151 to book you time. Calls1.50ppm last 3mins 30s T&C www.santacalling.com,spam
"Aiyo... Her lesson so early... I'm still sleepin, haha... Okie, u go home liao den confirm w me lor...",ham
Are you still playing with gautham?,ham
COME BACK TO TAMPA FFFFUUUUUUU,ham
Slaaaaave ! Where are you ? Must I summon you to me all the time now ? Don't you wish to come to me on your own anymore?,ham
Thinkin about someone is all good. No drugs for that,ham
I want kfc its Tuesday. Only buy 2 meals ONLY 2. No gravy. Only 2 Mark. 2!,ham
You stayin out of trouble stranger!!saw Dave the other day hes sorted now!still with me bloke when u gona get a girl MR!ur mum still Thinks we will get 2GETHA!,ham
Hope you are having a good week. Just checking in,ham
"Free msg. Sorry, a service you ordered from 81303 could not be delivered as you do not have sufficient credit. Please top up to receive the service.",spam
Its a big difference.  &lt;#&gt;  versus  &lt;#&gt;  every  &lt;#&gt; hrs,ham
Yeah that's the impression I got,ham
Does she usually take fifteen fucking minutes to respond to a yes or no question,ham
"Yeah there's barely enough room for the two of us, x has too many fucking shoes. Sorry man, see you later",ham
Where are you ? What are you doing ? Are yuou working on getting the pc to your mom's ? Did you find a spot that it would work ? I need you,ham
I'm done. C ü there.,ham
Get your garden ready for summer with a FREE selection of summer bulbs and seeds worth £33:50 only with The Scotsman this Saturday. To stop go2 notxt.co.uk,spam
Please CALL 08712402972 immediately as there is an urgent message waiting for you,spam
What he said is not the matter. My mind saying some other matter is there.,ham
"So check your errors and if you had difficulties, do correction.",ham
"GOD ASKED, ""What is forgiveness?"" A little child gave lovely reply, ""It is d wonderful fruit that a tree gives when it is being hurt by a stone.. Good night......",ham
That day you asked about anand number. Why:-),ham
"""CHEERS FOR CALLIN BABE.SOZI CULDNT TALKBUT I WANNATELL U DETAILS LATER WENWECAN CHAT PROPERLY X""",ham
"our mobile number has won £5000, to claim calls us back or ring the claims hot line on 09050005321.",spam
Hi.:)technical support.providing assistance to us customer through call and email:),ham
"Aight I'll grab something to eat too, text me when you're back at mu",ham
"FREE2DAY sexy St George's Day pic of Jordan!Txt PIC to 89080 dont miss out, then every wk a saucy celeb!4 more pics c PocketBabe.co.uk 0870241182716 £3/wk",spam
Holy living christ what is taking you so long,ham
Gud ni8.swt drms.take care,ham
Done it but internet connection v slow and can‘t send it. Will try again later or first thing tomo.,ham
Noice. Text me when you're here,ham
"Fighting with the world is easy, u either win or lose bt fightng with some1 who is close to u is dificult if u lose - u lose if u win - u still lose.",ham
"Hey... Thk we juz go accordin to wat we discussed yest lor, except no kb on sun... Cos there's nt much lesson to go if we attend kb on sat...",ham
Yes we were outside for like 2 hours. And I called my whole family to wake them up cause it started at 1 am,ham
"No, I was trying it all weekend ;V",ham
What i told before i tell. Stupid hear after i wont tell anything to you. You dad called to my brother and spoken. Not with me.,ham
Yeah I imagine he would be really gentle. Unlike the other docs who treat their patients like turkeys.,ham
Have you got Xmas radio times. If not i will get it now,ham
Miserable. They don't tell u that the side effects of birth control are massive gut wrenching cramps for the first 2 months. I didn't sleep at all last night.,ham
Probably earlier than that if the station's where I think it is,ham
Nokia phone is lovly..,ham
No. Thank you. You've been wonderful,ham
Oh k:)after that placement there ah?,ham
"Sorry, I'll call later",ham
Raviyog Peripherals bhayandar east,ham
"YOU VE WON! Your 4* Costa Del Sol Holiday or £5000 await collection. Call 09050090044 Now toClaim. SAE, TC s, POBox334, Stockport, SK38xh, Cost£1.50/pm, Max10mins",spam
Haha... Yup hopefully  we will lose a few kg by mon. after hip hop can go orchard and weigh again,ham
I will take care of financial problem.i will help:),ham
Urgent! Please call 09061743811 from landline. Your ABTA complimentary 4* Tenerife Holiday or £5000 cash await collection SAE T&Cs Box 326 CW25WX 150ppm,spam
"I dun thk i'll quit yet... Hmmm, can go jazz ? Yogasana oso can... We can go meet em after our lessons den...",ham
"THATS ALRITE GIRL, U KNOW GAIL IS NEVA WRONG!!TAKE CARE SWEET AND DONT WORRY.C U L8TR HUN!LOVE Yaxxx",ham
What's up my own oga. Left my phone at home and just saw ur messages. Hope you are good. Have a great weekend.,ham
Where wuld I be without my baby? The thought alone mite break me and I dont wanna go crazy but everyboy needs his lady xxxxxxxx,ham
Will do. Was exhausted on train this morning. Too much wine and pie. You sleep well too,ham
Its not that time of the month nor mid of the time?,ham
Well done ENGLAND! Get the official poly ringtone or colour flag on yer mobile! text TONE or FLAG to 84199 NOW! Opt-out txt ENG STOP. Box39822 W111WX £1.50,spam
"Aight, you close by or still down around alex's place?",ham
"Do whatever you want. You know what the rules are. We had a talk earlier this week about what had to start happening, you showing responsibility. Yet, every week it's can i bend the rule this way? What about that way? Do whatever. I'm tired of having thia same argument with you every week. And a  &lt;#&gt;  movie DOESNT inlude the previews. You're still getting in after 1.",ham
Ok... Take ur time n enjoy ur dinner...,ham
How to Make a girl Happy? It's not at all difficult to make girls happy. U only need to be... 1. A friend 2. Companion 3. Lover 4. Chef . . .  &lt;#&gt; . Good listener  &lt;#&gt; . Organizer  &lt;#&gt; . Good boyfriend  &lt;#&gt; . Very clean  &lt;#&gt; . Sympathetic  &lt;#&gt; . Athletic  &lt;#&gt; . Warm . . .  &lt;#&gt; . Courageous  &lt;#&gt; . Determined  &lt;#&gt; . True  &lt;#&gt; . Dependable  &lt;#&gt; . Intelligent . . .  &lt;#&gt; . Psychologist  &lt;#&gt; . Pest exterminator  &lt;#&gt; . Psychiatrist  &lt;#&gt; . Healer . .  &lt;#&gt; . Stylist  &lt;#&gt; . Driver . . Aaniye pudunga venaam..,ham
thesmszone.com lets you send free anonymous and masked messages..im sending this message from there..do you see the potential for abuse???,spam
Ok ok take care. I can understand.,ham
I will come with karnan car. Please wait till 6pm will directly goto doctor.,ham
Armand says get your ass over to epsilon,ham
Serious? What like proper tongued her,ham
"Yup, leaving right now, be back soon",ham
In xam hall boy asked girl Tell me the starting term for dis answer I can den manage on my own After lot of hesitation n lookin around silently she said THE! intha ponnungale ipaditan;),ham
"naughty little thought: 'its better to flirt, flirt n flirt, rather than loving someone n gettin hurt, hurt n hurt...:-) Gud nyt",ham
Still at west coast... Haiz... Ü'll take forever to come back...,ham
For me the love should start with attraction.i should feel that I need her every time around me.she should be the first thing which comes in my thoughts.I would start the day and end it with her.she should be there every time I dream.love will be then when my every breath has her name.my life should happen around her.my life will be named to her.I would cry for her.will give all my happiness and take all her sorrows.I will be ready to fight with anyone for her.I will be in love when I will be doing the craziest things for her.love will be when I don't have to proove anyone that my girl is the most beautiful lady on the whole planet.I will always be singing praises for her.love will be when I start up making chicken curry and end up makiing sambar.life will be the most beautiful then.will get every morning and thank god for the day because she is with me.I would like to say a lot..will tell later..,ham
Eh ur laptop got no stock lei... He say mon muz come again to take a look c got a not...,ham
I've reached home finally...,ham
* You gonna ring this weekend or wot?,ham
Yo you around? A friend of mine's lookin to pick up later tonight,ham
S:)s.nervous  &lt;#&gt; :),ham
You are right though. I can't give you the space you want and need. This is really starting to become an issue. I was going to suggest setting a definite move out--if i'm still there-- after greece. But maybe you are ready and should do it now.,ham
"It‘s reassuring, in this crazy world.",ham
Are u awake? Is there snow there?,ham
Hi i won't b ard 4 christmas. But do enjoy n merry x'mas.,ham
"Hello, As per request from  &lt;#&gt;  Rs.5 has been transfered to you",ham
"K, makes sense, btw carlos is being difficult so you guys are gonna smoke while I go pick up the second batch and get gas",ham
"Just got some gas money, any chance you and the gang want to go on a grand nature adventure?",ham
"I can't speak, bcaz mobile have problem. I can listen you but you cann't listen my voice. So i calls you later.",ham
Good morning princess! How are you?,ham
Ok i'm coming home now.,ham
"Welcome to Select, an O2 service with added benefits. You can now call our specially trained advisors FREE from your mobile by dialling 402.",spam
Fuck cedar key and fuck her (come over anyway tho),ham
Do you want a New Nokia 3510i colour phone DeliveredTomorrow? With 300 free minutes to any mobile + 100 free texts + Free Camcorder reply or call 08000930705,spam
Do you want a new Video phone? 600 anytime any network mins 400 Inclusive Video calls AND downloads 5 per week Free delTOMORROW call 08002888812 or reply NOW,spam
Then u go back urself lor...,ham
First has she gained more than  &lt;#&gt; kg since she took in. Second has she done the blood sugar tests. If she has and its ok and her blood pressure is within normal limits then no worries,ham
Howz that persons story,ham
Black shirt n blue jeans... I thk i c ü...,ham
Wishing you a wonderful week.,ham
I'll be late...,ham
S...from the training manual it show there is no tech process:)its all about password reset and troubleshooting:),ham
"Hello baby, did you get back to your mom's ? Are you setting up the computer now ? Filling your belly ? How goes it loverboy ? I miss you already ... *sighs*",ham
WHEN THE FIRST STRIKE IS A RED ONE. THE BIRD + ANTELOPE BEGIN TOPLAY IN THE FIELDOF SELFINDEPENDENCE BELIEVE THIS + THE FLOWER OF CONTENTION WILL GROW.RANDOM!,ham
Nothing will ever be easy. But don't be looking for a reason not to take a risk on life and love,ham
"FREE MESSAGE Activate your 500 FREE Text Messages by replying to this message with the word FREE For terms & conditions, visit www.07781482378.com",spam
haha but no money leh... Later got to go for tuition... Haha and looking for empty slots for driving lessons,ham
"Yetunde, i'm sorry but moji and i seem too busy to be able to go shopping. Can you just please find some other way to get what you wanted us to get. Please forgive me. You can reply free via yahoo messenger.",ham
"When you get free, call me",ham
Then. You are eldest know.,ham
You are a great role model. You are giving so much and i really wish each day for a miracle but God as a reason for everything and i must say i wish i knew why but i dont. I've looked up to you since i was young and i still do. Have a great day.,ham
Ü dun need to pick ur gf?,ham
"As a valued customer, I am pleased to advise you that following recent review of your Mob No. you are awarded with a £1500 Bonus Prize, call 09066364589",spam
ARE YOU IN TOWN? THIS IS V. IMPORTANT,ham
Come to mahal bus stop.. &lt;DECIMAL&gt;,ham
"Right on brah, see you later",ham
Dude ive been seeing a lotta corvettes lately,ham
Yo come over carlos will be here soon,ham
Ok i juz receive..,ham
We have to pick rayan macleran there.,ham
Shb b ok lor... Thanx...,ham
Pls call me da. What happen.,ham
Not heard from U4 a while. Call 4 rude chat private line 01223585334 to cum. Wan 2C pics of me gettin shagged then text PIX to 8552. 2End send STOP 8552 SAM xxx,spam
Join the UK's horniest Dogging service and u can have sex 2nite!. Just sign up and follow the instructions. Txt ENTRY to 69888 now! Nyt.EC2A.3LP.msg@150p,spam
PRIVATE! Your 2003 Account Statement for shows 800 un-redeemed S.I.M. points. Call 08715203685 Identifier Code:4xx26 Expires 13/10/04,spam
"Haha, just what I was thinkin",ham
Dear Subscriber ur draw 4 £100 gift voucher will b entered on receipt of a correct ans. When was Elvis Presleys Birthday? TXT answer to 80062,spam
Oh ho. Is this the first time u use these type of words,ham
We confirm eating at esplanade?,ham
87077: Kick off a new season with 2wks FREE goals & news to ur mobile! Txt ur club name to 87077 eg VILLA to 87077,spam
UR GOING 2 BAHAMAS! CallFREEFONE 08081560665 and speak to a live operator to claim either Bahamas cruise of£2000 CASH 18+only. To opt out txt X to 07786200117,spam
I want to send something that can sell fast.  &lt;#&gt; k is not easy money.,ham
Ok lor.,ham
Jay says that you're a double-faggot,ham
Then why you came to hostel.,ham
I‘ll have a look at the frying pan in case it‘s cheap or a book perhaps. No that‘s silly a frying pan isn‘t likely to be a book,ham
S but not able to sleep.,ham
"Hey babe, my friend had to cancel, still up for a visit ?",ham
"Once a fishrman woke early in d mrng. It was very dark. He waited a while &amp; found a sack ful of stones. He strtd throwin thm in2 d sea 2 pass time. Atlast he had jus 1stone, sun rose up &amp; he found out tht those r nt stones, those were diamonds. Moral:""Dont wake up early in d mrng'' GOOD night",ham
No calls..messages..missed calls,ham
Ard 6 like dat lor.,ham
It has issues right now. Ill fix for her by tomorrow.,ham
"Sorry, I'll call you  later. I am in meeting sir.",ham
What pa tell me.. I went to bath:-),ham
Yupz... I've oredi booked slots 4 my weekends liao...,ham
I'm really sorry i won't b able 2 do this friday.hope u can find an alternative.hope yr term's going ok:-),ham
Super da:)good replacement for murali,ham
It should take about  &lt;#&gt;  min,ham
I calls you later. Afternoon onwords mtnl service get problem in south mumbai. I can hear you but you cann't listen me.,ham
"By the way, i've put a skip right outside the front of the house so you can see which house it is. Just pull up before it.",ham
"Congrats! 1 year special cinema pass for 2 is yours. call 09061209465 now! C Suprman V, Matrix3, StarWars3, etc all 4 FREE! bx420-ip4-5we. 150pm. Dont miss out!",spam
"Hey, iouri gave me your number, I'm wylie, ryan's friend",ham
"Ela kano.,il download, come wen ur free..",ham
I keep ten rs in my shelf:) buy two egg.,ham
You are a winner U have been specially selected 2 receive £1000 cash or a 4* holiday (flights inc) speak to a live operator 2 claim 0871277810810,spam
Does cinema plus drink appeal tomo? * Is a fr thriller by director i like on at mac at 8.30.,ham
You are gorgeous! keep those pix cumming :) thank you!,ham
"I can make it up there, squeezed  &lt;#&gt;  bucks out of my dad",ham
Miss call miss call khelate kintu opponenter miss call dhorte lage. Thats d rule. One with great phone receiving quality wins.,ham
U're welcome... Caught u using broken english again...,ham
I only work from mon to thurs but Sat i cant leh... Booked liao... Which other day u free?,ham
"Hiya, probably coming home * weekend after next",ham
"Good morning, my Love ... I go to sleep now and wish you a great day full of feeling better and opportunity ... You are my last thought babe, I LOVE YOU *kiss*",ham
"""HEY KATE, HOPE UR OK... WILL GIVE U A BUZ WEDLUNCH. GO OUTSOMEWHERE 4 ADRINK IN TOWN..CUD GO 2WATERSHD 4 A BIT? PPL FROMWRK WILL BTHERE. LOVE PETEXXX.""",ham
Thank you. I like you as well...,ham
That sucks. So what do you got planned for your yo valentine? I am your yo valentine aren't I?,ham
Some of them told accenture is not confirm. Is it true.,ham
Shall i send that exe to your mail id.,ham
Ok i vl..do u know i got adsense approved..,ham
18 days to Euro2004 kickoff! U will be kept informed of all the latest news and results daily. Unsubscribe send GET EURO STOP to 83222.,spam
I borrow ur bag ok.,ham
"My painful personal thought- ""I always try to keep everybody happy all the time. But nobody recognises me when i am alone""",ham
"Anyway I don't think I can secure anything up here, lemme know if you want me to drive down south and chill",ham
I'm watching lotr w my sis dis aft. So u wan 2 meet me 4 dinner at nite a not?,ham
I can't describe how lucky you are that I'm actually awake by noon,ham
"Want to funk up ur fone with a weekly new tone reply TONES2U 2 this text. www.ringtones.co.uk, the original n best. Tones 3GBP network operator rates apply",spam
Get down in gandhipuram and walk to cross cut road. Right side &lt;#&gt; street road and turn at first right.,ham
important information 4 orange user 0789xxxxxxx. today is your lucky day!2find out why log onto http://www.urawinner.com THERE'S A FANTASTIC SURPRISE AWAITING YOU!,spam
"Thats a bit weird, even ?- where is the do supposed to be happening? But good idea, sure they will be in pub!",ham
Todays Vodafone numbers ending with 4882 are selected to a receive a £350 award. If your number matches call 09064019014 to receive your £350 award.,spam
I want snow. It's just freezing and windy.,ham
Carlos is taking his sweet time as usual so let me know when you and patty are done/want to smoke and I'll tell him to haul ass,ham
"""Pete can you please ring meive hardly gotany credit""",ham
Goodnight da thangam I really miss u dear.,ham
Many times we lose our best ones bcoz we are,ham
Hi 07734396839 IBH Customer Loyalty Offer: The NEW NOKIA6600 Mobile from ONLY £10 at TXTAUCTION!Txt word:START to No:81151 & get Yours Now!4T&,spam
Kindly send some one to our flat before  &lt;DECIMAL&gt;  today.,ham
Adult 18 Content Your video will be with you shortly,spam
WOT STUDENT DISCOUNT CAN U GET ON BOOKS?,ham
YOU ARE CHOSEN TO RECEIVE A £350 AWARD! Pls call claim number 09066364311 to collect your award which you are selected to receive as a valued mobile customer.,spam
They are just making it easy to pay back. I have  &lt;#&gt; yrs to say but i can pay back earlier. You get?,ham
Well welp is sort of a semiobscure internet thing,ham
"Sunshine Hols. To claim ur med holiday send a stamped self address envelope to Drinks on Us UK, PO Box 113, Bray, Wicklow, Eire. Quiz Starts Saturday! Unsub Stop",spam
"Sorry battery died, yeah I'm here",ham
Who were those people ? Were you in a tour ? I thought you were doing that sofa thing you sent me ? Your curious sugar,ham
wamma get laid?want real doggin locations sent direct to your mobile? join the UKs largest dogging network. txt dogs to 69696 now!nyt. ec2a. 3lp £1.50/msg.,spam
But you were together so you should be thinkin about him,ham
"You have come into my life and brought the sun ..Shiny down on me, warming my heart. Putting a constant smile on my face ... Making me feel loved and cared for",ham
Ok then u tell me wat time u coming later lor.,ham
Yup but not studying surfing lor. I'm in e lazy mode today.,ham
"alright, I'll make sure the car is back tonight",ham
Tmr timin still da same wat cos i got lesson until 6...,ham
Are u coming to the funeral home,ham
I want to see your pretty pussy...,ham
Ard 530 lor. I ok then message ü lor.,ham
Aiyo a bit pai seh ü noe... Scared he dun rem who i am then die... Hee... But he become better lookin oredi leh...,ham
"Hi Jon, Pete here, Ive bin 2 Spain recently & hav sum dinero left, Bill said u or ur rents mayb interested in it, I hav 12,000pes, so around £48, tb, James.",ham
Thanks for understanding. I've been trying to tell sura that.,ham
"Ok. Can be later showing around 8-8:30 if you want + cld have drink before. Wld prefer not to spend money on nosh if you don't mind, as doing that nxt wk.",ham
"Download as many ringtones as u like no restrictions, 1000s 2 choose. U can even send 2 yr buddys. Txt Sir to 80082 £3",spam
No shoot me. I'm in the docs waiting room. :/,ham
"Height of Confidence: All the Aeronautics professors wer calld &amp; they wer askd 2 sit in an aeroplane. Aftr they sat they wer told dat the plane ws made by their students. Dey all hurried out of d plane.. Bt only 1 didnt move... He said:""if it is made by my students,this wont even start........ Datz confidence..",ham
"Ok. Not much to do here though. H&M Friday, cant wait. Dunno wot the hell im gonna do for another 3 weeks! Become a slob- oh wait, already done that!",ham
"Sometimes we put walls around our hearts,not just to be safe from getting hurt.. But to find out who cares enough to break the walls &amp; get closer.. GOODNOON:)",ham
Why didn't u call on your lunch?,ham
I think steyn surely get one wicket:),ham
URGENT! Your Mobile number has been awarded with a £2000 prize GUARANTEED. Call 09061790126 from land line. Claim 3030. Valid 12hrs only 150ppm,spam
Enjoy urself tmr...,ham
I told your number to gautham..,ham
You also didnt get na hi hi hi hi hi,ham
"Well, I have to leave for my class babe ... You never came back to me ... :-( ... Hope you have a nice sleep, my love",ham
"Well, I was about to give up cos they all said no they didn‘t do one nighters. I persevered and found one but it is very cheap so i apologise in advance. It is just somewhere to sleep isnt it?",ham
Shall i come to get pickle,ham
I'm job profile seems like bpo..,ham
Huh y lei...,ham
Ya! when are ü taking ure practical lessons? I start in june..,ham
Check Out Choose Your Babe Videos @ sms.shsex.netUN fgkslpoPW fgkslpo,spam
* FREE* POLYPHONIC RINGTONE Text SUPER to 87131 to get your FREE POLY TONE of the week now! 16 SN PoBox202 NR31 7ZS subscription 450pw,spam
"see you then, we're all christmassy here!",ham
Wot u up 2 u weirdo?,ham
Was gr8 to see that message. So when r u leaving? Congrats dear. What school and wat r ur plans.,ham
Ok. I.ll do you right later.,ham
In life when you face choices Just toss a coin not becoz its settle the question But while the coin in the air U will know what your heart is hoping for. Gudni8,ham
I dont know what to do to come out of this so only am ask questions like this dont mistake me.,ham
"Oh right, ok. I'll make sure that i do loads of work during the day!  got a really nasty cough today and is dry n shot so that should really help it!",ham
As per your request 'Melle Melle (Oru Minnaminunginte Nurungu Vettam)' has been set as your callertune for all Callers. Press *9 to copy your friends Callertune,ham
You will be receiving this week's Triple Echo ringtone shortly. Enjoy it!,spam
Have a good trip. Watch out for . Remember when you get back we must decide about easter.,ham
Do ü all wan 2 meet up n combine all the parts? How's da rest of da project going?,ham
Don't fret. I'll buy the ovulation test strips and send them to you. You wont get them til like march. Can you send me your postal address.u'll be alright.Okay.,ham
"U so lousy, run already come back then half dead... Hee...",ham
No way I'm going back there!,ham
"Had your mobile 10 mths? Update to the latest Camera/Video phones for FREE. KEEP UR SAME NUMBER, Get extra free mins/texts. Text YES for a call",spam
Leave it wif me lar... Ü wan to carry meh so heavy... Is da num 98321561 familiar to ü?,ham
U guys never invite me anywhere :(,ham
"It's not that you make me cry. It's just that when all our stuff happens on top of everything else, it pushes me over the edge. You don't underdtand how often i cry over my sorry, sorry life.",ham
Yes. They replied my mail. I'm going to the management office later. Plus will in to bank later also.or on wednesday.,ham
U are subscribed to the best Mobile Content Service in the UK for £3 per ten days until you send STOP to 83435. Helpline 08706091795.,spam
"Yalru lyfu astne chikku.. Bt innu mundhe lyf ali halla ke bilo (marriage)program edhae, so lyf is nt yet ovr chikku..ali vargu lyfu meow meow:-D",ham
Alright. I'm out--have a good night!,ham
Pls help me tell Ashley that i cant find her number oh,ham
As one of our registered subscribers u can enter the draw 4 a 100 G.B. gift voucher by replying with ENTER. To unsubscribe text STOP,spam
I'm at home. Please call,ham
Come by our room at some point so we can iron out the plan for this weekend,ham
"This is the 2nd time we have tried 2 contact u. U have won the 750 Pound prize. 2 claim is easy, call 08718726970 NOW! Only 10p per min. BT-national-rate",spam
Wot u up 2? Thout u were gonna call me!! Txt bak luv K,ham
Ummmmmaah Many many happy returns of d day my dear sweet heart.. HAPPY BIRTHDAY dear,ham
No my mum went 2 dentist.,ham
R U &SAM P IN EACHOTHER. IF WE MEET WE CAN GO 2 MY HOUSE,ham
"Sweet, we may or may not go to 4U to meet carlos so gauge patty's interest in that",ham
Ü called dad oredi...,ham
Just come home. I don't want u to be miserable,ham
My love ... I hope your not doing anything drastic. Don't you dare sell your pc or your phone ...,ham
"Fuck babe ... I miss you already, you know ? Can't you let me send you some money towards your net ? I need you ... I want you ... I crave you ...",ham
No. I meant the calculation is the same. That  &lt;#&gt; units at  &lt;#&gt; . This school is really expensive. Have you started practicing your accent. Because its important. And have you decided if you are doing 4years of dental school or if you'll just do the nmde exam.,ham
Yes. that will be fine. Love you. Be safe.,ham
"I had been hoping i would not have to send you this message. My rent is due and i dont have enough for it. My reserves are completely gone. Its a loan i need and was hoping you could her. The balance is  &lt;#&gt; . Is there a way i could get that from you, till mid march when i hope to pay back.",ham
"Ha ha nan yalrigu heltini..Iyo kothi chikku, u shared many things wit me..so far i didn't told any body and even uttered a word abt u.. If ur trusting me so much how can i tell these to others.. Plz nxt time dont use those words to me..ok, chikku:-);-)B-)",ham
Smile in Pleasure Smile in Pain Smile when trouble pours like Rain Smile when sum1 Hurts U Smile becoz SOMEONE still Loves to see u Smiling!!,ham
Finish already... Yar they keep saying i mushy... I so embarrassed ok...,ham
4mths half price Orange line rental & latest camera phones 4 FREE. Had your phone 11mths ? Call MobilesDirect free on 08000938767 to update now! or2stoptxt,spam
I cant pick the phone right now. Pls send a message,ham
O was not into fps then.,ham
I not busy juz dun wan 2 go so early.. Hee..,ham
"I'm not smoking while people use ""wylie smokes too much"" to justify ruining my shit",ham
Erutupalam thandiyachu,ham
You are a very very very very bad girl. Or lady.,ham
"Alright, I'll head out in a few minutes, text me where to meet you",ham
U dun say so early hor... U c already then say...,ham
Thanks. Fills me with complete calm and reassurance!,ham
Discussed with your mother ah?,ham
This is ur face test ( 1 2 3 4 5 6 7 8 9  &lt;#&gt;  ) select any number i will tell ur face astrology.... am waiting. quick reply...,ham
"House-Maid is the murderer, coz the man was murdered on  &lt;#&gt; th January.. As public holiday all govt.instituitions are closed,including post office..",ham
"Mmmmm ... It was sooooo good to wake to your words this morning, my Love!! Mmmm fuck ... I love you too, my Lion ... *devouring kiss from across the sea*",ham
I had it already..sabarish asked me to go..,ham
You have won a guaranteed 32000 award or maybe even £1000 cash to claim ur award call free on 0800 ..... (18+). Its a legitimat efreefone number wat do u think???,spam
Get a brand new mobile phone by being an agent of The Mob! Plus loads more goodies! For more info just text MAT to 87021.,spam
God bless.get good sleep my dear...i will pray!,ham
"Sorry, I'll call later",ham
The new deus ex game comin early next yr,ham
Free Top ringtone -sub to weekly ringtone-get 1st week free-send SUBPOLY to 81618-?3 per week-stop sms-08718727870,spam
You know my old Dom I told you about yesterday ? His name is Roger? He got in touch with me last night and wants me to meet him today at 2 pm,ham
Reason is if the team budget is available at last they buy the unsold players for at base rate..,ham
Ha ha cool cool chikku chikku:-):-DB-),ham
YES! The only place in town to meet exciting adult singles is now in the UK. Txt CHAT to 86688 now! 150p/Msg.,spam
I don't run away frm u... I walk slowly &amp; it kills me that u don't care enough to stop me...,ham
That's y i said it's bad dat all e gals know u... Wat u doing now?,ham
Why are u up so early?,ham
FREE for 1st week! No1 Nokia tone 4 ur mob every week just txt NOKIA to 8007 Get txting and tell ur mates www.getzed.co.uk POBox 36504 W45WQ norm150p/tone 16+,spam
Are there TA jobs available? Let me know please cos i really need to start working,ham
Sounds like a plan! Cardiff is still here and still cold! I'm sitting on the radiator!,ham
Do you want bold 2 or bb torch,ham
Just sleeping..and surfing,ham
"Sorry, I'll call later",ham
Please tell me not all of my car keys are in your purse,ham
I'm in chennai velachery:),ham
"Ok thats cool. Its , just off either raglan rd or edward rd. Behind the cricket ground. Gimme ring when ur closeby see you tuesday.",ham
Got but got 2 colours lor. One colour is quite light n e other is darker lor. Actually i'm done she's styling my hair now.,ham
